期刊名称,类型,别名,ISSN,中国科协高质量期刊标签,FMS学科,FMS主办单位,FMS JCR排名
管理世界,期刊,,1002-5502,管理科学 T1（2025总汇）,中文期刊,国务院发展研究中心,
经济研究,期刊,,0577-9154,管理科学 T1（2025总汇）,中文期刊,中国社会科学院经济研究所,
管理科学学报,期刊,,1007-9807,管理科学 T1（2025总汇）,中文期刊,天津大学、国家自然科学基金委员会管理科学部,
中国社会科学,期刊,,1002-4921,管理科学 T1（2025总汇）,中文期刊,中国社会科学杂志社,
南开管理评论,期刊,,1008-3448,管理科学 T1（2025总汇）,中文期刊,南开大学商学院,
系统工程理论与实践,期刊,,1000-6788,管理科学 T1（2025总汇）,中文期刊,中国系统工程学会,
中国工业经济,期刊,,1006-480X,管理科学 T1（2025总汇）,中文期刊,中国社会科学院工业经济研究所,
金融研究,期刊,,1002-7246,管理科学 T1（2025总汇）,中文期刊,中国金融学会,
中国管理科学,期刊,,1003-207X,管理科学 T1（2025总汇）,中文期刊,中国优选法统筹法与经济数学研究会、中国科学院科技战略咨询研究院,
会计研究,期刊,,1003-2886,管理科学 T1（2025总汇）,中文期刊,中国会计学会,
经济学（季刊）,期刊,,2095-1086,管理科学 T1（2025总汇）,中文期刊,北京大学出版社,
世界经济,期刊,,1002-9621,管理科学 T1（2025总汇）,中文期刊,中国世界经济学会、中国社会科学院世界经济与政治研究所,
管理工程学报,期刊,,1004-6062,管理科学 T1（2025总汇）,中文期刊,浙江大学,
公共管理学报,期刊,,1672-6162,管理科学 T1（2025总汇）,中文期刊,哈尔滨工业大学经济与管理学院,
中国软科学,期刊,,1005-0566,管理科学 T1（2025总汇）,中文期刊,中国软科学研究会,
管理科学,期刊,,1672-0334,管理科学 T1（2025总汇）,中文期刊,哈尔滨工业大学经济与管理学院,
数量经济技术经济研究,期刊,,1000-3894,管理科学 T1（2025总汇）,中文期刊,中国社科院数量经济与技术经济研究所,
心理学报,期刊,,0439-755X,管理科学 T1（2025总汇）,中文期刊,中国心理学会、中国科学院心理研究所,
科研管理,期刊,,1000-2995,管理科学 T1（2025总汇）,中文期刊,中国科学院科技战略咨询研究院、中国科学学与科技政策研究会,
管理评论,期刊,,1003-1952,管理科学 T1（2025总汇）,中文期刊,中国科学院大学,
科学学研究,期刊,,1003-2053,管理科学 T1（2025总汇）,中文期刊,中国科学学与科技政策研究会、中国科学院科技战略咨询研究院、清华大学科学技术与社会研究中心,
情报学报,期刊,,1000-0135,管理科学 T1（2025总汇）,中文期刊,中国科学技术情报学会、中国科学技术信息研究所,
统计研究,期刊,,1002-4565,管理科学 T1（2025总汇）,中文期刊,中国统计学会、国家统计局统计科学研究所,
中国农村经济,期刊,,1002-8870,管理科学 T1（2025总汇）,中文期刊,中国社会科学院农村发展研究所,
中国图书馆学报,期刊,,1001-8867,管理科学 T1（2025总汇）,中文期刊,国家图书馆、中国图书馆学会,
工程管理科技前沿,期刊,,2097-0145,管理科学 T1（2025总汇）,中文期刊,合肥工业大学,
管理学报,期刊,,1672-884X,管理科学 T1（2025总汇）,中文期刊,华中科技大学,
计量经济学报,期刊,,2096-9732,管理科学 T1（2025总汇）,中文期刊,中国科学院数学与系统科学研究院,
系统工程学报,期刊,,1000-5781,管理科学 T2（2025总汇）,中文期刊,中国系统工程学会,
中国行政管理,期刊,,1006-0863,管理科学 T2（2025总汇）,中文期刊,中国行政管理学会,
审计研究,期刊,,1002-4239,管理科学 T2（2025总汇）,中文期刊,中国审计学会,
财贸经济,期刊,,1002-8102,管理科学 T2（2025总汇）,中文期刊,中国社会科学院财经战略研究院,
系统管理学报,期刊,,1005-2542,管理科学 T2（2025总汇）,中文期刊,上海交通大学,
经济学动态,期刊,,1002-8390,管理科学 T2（2025总汇）,中文期刊,中国社会科学院经济研究所,
运筹与管理,期刊,,1007-3221,管理科学 T2（2025总汇）,中文期刊,中国运筹学会,
农业经济问题,期刊,,1000-6389,管理科学 T2（2025总汇）,中文期刊,中国农业经济学会、中国农业科学院农业经济与发展研究所,
科学学与科学技术管理,期刊,,1002-0241,管理科学 T2（2025总汇）,中文期刊,中国科学学与科技政策研究会、天津市科学学研究所,
经济科学,期刊,,1002-5839,管理科学 T2（2025总汇）,中文期刊,北京大学,
财经研究,期刊,,1001-9952,管理科学 T2（2025总汇）,中文期刊,上海财经大学,
经济管理,期刊,,1002-5766,管理科学 T2（2025总汇）,中文期刊,中国社会科学院工业经济研究所,
中国人口·资源与环境,期刊,,1002-2104,管理科学 T2（2025总汇）,中文期刊,中国可持续发展研究会、山东省可持续发展研究中心、中国21世纪议程管理中心、山东师范大学,
南开经济研究,期刊,,1001-4691,管理科学 T2（2025总汇）,中文期刊,南开大学经济学院,
研究与发展管理,期刊,,1004-8308,管理科学 T2（2025总汇）,中文期刊,复旦大学,
国际金融研究,期刊,,1006-1029,管理科学 T2（2025总汇）,中文期刊,中国银行股份有限公司、中国国际金融学会,
经济理论与经济管理,期刊,,1000-596X,管理科学 T2（2025总汇）,中文期刊,中国人民大学,
国际贸易问题,期刊,,1002-4670,管理科学 T2（2025总汇）,中文期刊,对外经济贸易大学,
经济学家,期刊,,1003-5656,管理科学 T2（2025总汇）,中文期刊,"西南财经大学、四川社会科学学术基
金会",
财政研究,期刊,,1003-2878,管理科学 T2（2025总汇）,中文期刊,中国财政学会,
营销科学学报,期刊,,2097-0099,管理科学 T2（2025总汇）,中文期刊,人民邮电出版社有限公司,
工业工程与管理,期刊,,1007-5429,管理科学 T2（2025总汇）,中文期刊,上海交通大学,
数理统计与管理,期刊,,1002-1566,管理科学 T2（2025总汇）,中文期刊,中国现场统计研究会,
改革,期刊,,1003-7543,管理科学 T2（2025总汇）,中文期刊,重庆社会科学院,
外国经济与管理,期刊,,1001-4950,管理科学 T2（2025总汇）,中文期刊,上海财经大学,
保险研究,期刊,,1004-3306,管理科学 T2（2025总汇）,中文期刊,中国保险学会,
中国农村观察,期刊,,1006-4583,管理科学 T2（2025总汇）,中文期刊,中国社会科学院农村发展研究所,
旅游学刊,期刊,,1002-5006,管理科学 T2（2025总汇）,中文期刊,北京联合大学旅游学院,
经济社会体制比较,期刊,,1003-3947,管理科学 T2（2025总汇）,中文期刊,中央党史和文献研究院,
经济评论,期刊,,1005-3425,管理科学 T2（2025总汇）,中文期刊,武汉大学,
系统科学与数学,期刊,,1000-0577,管理科学 T2（2025总汇）,中文期刊,中国科学院数学与系统科学研究院,
世界经济研究,期刊,,1007-6964,管理科学 T2（2025总汇）,中文期刊,上海社会科学院世界经济研究所,
经济地理,期刊,,1000-8462,管理科学 T2（2025总汇）,中文期刊,中国地理学会、湖南省经济地理研究所,
国际经济评论,期刊,,1007-0974,管理科学 T2（2025总汇）,中文期刊,中国社会科学院世界经济与政治研究所,
产业经济研究,期刊,,1671-9301,管理科学 T2（2025总汇）,中文期刊,南京财经大学,
世界经济文汇,期刊,,0253-9772,管理科学 T2（2025总汇）,中文期刊,复旦大学,
农业技术经济,期刊,,1000-6370,管理科学 T2（2025总汇）,中文期刊,中国农业技术经济学会、中国农业科学院农业经济与发展研究所,
公共行政评论,期刊,,1674-2486,管理科学 T2（2025总汇）,中文期刊,广东人民出版社有限公司、广东省治理现代化研究所,
经济与管理研究,期刊,,1000-7636,管理科学 T2（2025总汇）,中文期刊,首都经济贸易大学,
宏观经济研究,期刊,,1008-2069,管理科学 T2（2025总汇）,中文期刊,国家发改委宏观经济研究院,
财经科学,期刊,,1000-8306,管理科学 T2（2025总汇）,中文期刊,西南财经大学,
当代经济科学,期刊,,1002-2848,管理科学 T2（2025总汇）,中文期刊,西安交通大学,
图书情报工作,期刊,,0252-3116,管理科学 T2（2025总汇）,中文期刊,中国科学院文献情报中心,
资源科学,期刊,,1007-7588,管理科学 T2（2025总汇）,中文期刊,中国科学院地理科学与资源研究所、中国自然资源学会,
当代财经,期刊,,1005-0892,管理科学 T2（2025总汇）,中文期刊,江西财经大学,
财贸研究,期刊,,1001-6260,管理科学 T2（2025总汇）,中文期刊,安徽财经大学,
中国经济问题,期刊,,1000-4181,管理科学 T2（2025总汇）,中文期刊,厦门大学经济研究所,
审计与经济研究,期刊,,1004-4833,管理科学 T2（2025总汇）,中文期刊,南京审计大学,
图书情报知识,期刊,,1003-2797,管理科学 T2（2025总汇）,中文期刊,武汉大学,
金融评论,期刊,,1674-7690,管理科学 T2（2025总汇）,中文期刊,中国社会科学院金融研究所,
交通运输系统工程与信息,期刊,,1009-6744,管理科学 T2（2025总汇）,中文期刊,中国系统工程学会,
金融论坛,期刊,,1009-9190,管理科学 T2（2025总汇）,中文期刊,城市金融研究所、中国城市金融学会,
数据分析与知识发现,期刊,,2096-3467,管理科学 T2（2025总汇）,中文期刊,中国科学院文献情报中心,
南方经济,期刊,,1000-6249,管理科学 T2（2025总汇）,中文期刊,广东省社会科学院,
国际经贸探索,期刊,,1002-0594,管理科学 T2（2025总汇）,中文期刊,广东外语外贸大学,
金融经济学研究,期刊,,1674-1625,管理科学 T2（2025总汇）,中文期刊,广东金融学院,
信息资源管理学报,期刊,,2095-2171,管理科学 T2（2025总汇）,中文期刊,武汉大学,
会计与经济研究,期刊,,2096-9554,管理科学 T2（2025总汇）,中文期刊,上海立信会计学院,
公共管理评论,期刊,,2096-7713,管理科学 T2（2025总汇）,中文期刊,清华大学,
经济学报,期刊,,2095-7254,管理科学 T2（2025总汇）,中文期刊,清华大学,
电子政务,期刊,,1672-7223,管理科学 T2（2025总汇）,中文期刊,中国科学院文献情报中心,
管理学研究,期刊,,,管理科学 T2（2025总汇）,中文期刊,中山大学管理学院,
信息系统学报,期刊,,,管理科学 T2（2025总汇）,中文期刊,清华大学经济管理学院,
金融学季刊,期刊,,,管理科学 T2（2025总汇）,中文期刊,中国金融学年会、中山大学岭南学院,
珞珈管理评论,期刊,,,管理科学 T2（2025总汇）,中文期刊,武汉大学,
数量经济研究,期刊,,,管理科学 T2（2025总汇）,中文期刊,吉林大学数量经济研究中心,
American Economic Journal: Applied Economics,期刊,,1945-7782,管理科学 A（2025总汇）,产业经济与发展经济,,2
Journal of Development Economics,期刊,,0304-3878,管理科学 A（2025总汇）,产业经济与发展经济,,6
Journal of Public Economics,期刊,,0047-2727,管理科学 A（2025总汇）,产业经济与发展经济,,9
RAND Journal of Economics,期刊,,0741-6261,管理科学 A（2025总汇）,产业经济与发展经济,,13
American Economic Journal: Economic Policy,期刊,,1945-7731,管理科学 B（2025总汇）,产业经济与发展经济,,4
Brookings Papers on Economic Activity,期刊,,0007-2303,管理科学 B（2025总汇）,产业经济与发展经济,,13
China Economic Review,期刊,,1043-951X,管理科学 B（2025总汇）,产业经济与发展经济,,3
Economic Development and Cultural Change,期刊,,0013-0079,管理科学 B（2025总汇）,产业经济与发展经济,,25
Gender and Education,期刊,,0954-0253,管理科学 B（2025总汇）,产业经济与发展经济,,24
International Journal of Industrial Organization,期刊,,0167-7187,管理科学 B（2025总汇）,产业经济与发展经济,,36
Journal of Comparative Economics,期刊,,0147-5967,管理科学 B（2025总汇）,产业经济与发展经济,,11
Journal of Development Studies,期刊,,0022-0388,管理科学 B（2025总汇）,产业经济与发展经济,,25
Journal of Economic Growth,期刊,,1381-4338,管理科学 B（2025总汇）,产业经济与发展经济,,12
Journal of Economics & Management Strategy,期刊,,1058-6407,管理科学 B（2025总汇）,产业经济与发展经济,,36
Journal of Industrial Economics,期刊,,0022-1821,管理科学 B（2025总汇）,产业经济与发展经济,,47
Journal of Real Estate Finance and Economics,期刊,,0895-5638,管理科学 B（2025总汇）,产业经济与发展经济,,25
Journal of Regulatory Economics,期刊,,0922-680X,管理科学 B（2025总汇）,产业经济与发展经济,,36
Real Estate Economics,期刊,,1080-8620,管理科学 B（2025总汇）,产业经济与发展经济,,21
Review of Income and Wealth,期刊,,0034-6586,管理科学 B（2025总汇）,产业经济与发展经济,,25
World Bank Economic Review,期刊,,0258-6770,管理科学 B（2025总汇）,产业经济与发展经济,,25
World Development,期刊,,0305-750X,管理科学 B（2025总汇）,产业经济与发展经济,,5
B.E. Journal of Economic Analysis & Policy,期刊,,1935-1682,管理科学 C（2025总汇）,产业经济与发展经济,,49
China & World Economy,期刊,,1671-2234,管理科学 C（2025总汇）,产业经济与发展经济,,8
Economics & Politics,期刊,,0954-1985,管理科学 C（2025总汇）,产业经济与发展经济,,36
Economics of Transition and Institutional Change,期刊,,2577-6975,管理科学 C（2025总汇）,产业经济与发展经济,,40
Fiscal Studies,期刊,,0143-5671,管理科学 C（2025总汇）,产业经济与发展经济,,40
Information Economics and Policy,期刊,,0167-6245,管理科学 C（2025总汇）,产业经济与发展经济,,10
International Journal of the Economics of Business,期刊,,1357-1516,管理科学 C（2025总汇）,产业经济与发展经济,,48
Journal of African Economies,期刊,,0963-8024,管理科学 C（2025总汇）,产业经济与发展经济,,33
Journal of Economic Inequality,期刊,,1569-1721,管理科学 C（2025总汇）,产业经济与发展经济,,16
Journal of Housing Economics,期刊,,1051-1377,管理科学 C（2025总汇）,产业经济与发展经济,,16
Journal of International Development,期刊,,0954-1748,管理科学 C（2025总汇）,产业经济与发展经济,,31
Journal of Real Estate Research,期刊,,0896-5803,管理科学 C（2025总汇）,产业经济与发展经济,,43
Journal of Revenue and Pricing Management,期刊,,1476-6930,管理科学 C（2025总汇）,产业经济与发展经济,,33
Managerial and Decision Economics,期刊,,0143-6570,管理科学 C（2025总汇）,产业经济与发展经济,,15
Manchester School,期刊,,1463-6786,管理科学 C（2025总汇）,产业经济与发展经济,,45
National Tax Journal,期刊,,0028-0283,管理科学 C（2025总汇）,产业经济与发展经济,,40
Oxford Development Studies,期刊,,1360-0818,管理科学 C（2025总汇）,产业经济与发展经济,,43
Post Communist Economies,期刊,,1463-1377,管理科学 C（2025总汇）,产业经济与发展经济,,25
Review of Development Economics,期刊,,1363-6669,管理科学 C（2025总汇）,产业经济与发展经济,,19
Review of Economics of the Household,期刊,,1569-5239,管理科学 C（2025总汇）,产业经济与发展经济,,19
Review of Industrial Organization,期刊,,0889-938X,管理科学 C（2025总汇）,产业经济与发展经济,,50
Review of Network Economics,期刊,,2194-5993,管理科学 C（2025总汇）,产业经济与发展经济,,51
Asian Economic Journal,期刊,,1351-3958,管理科学 D（2025总汇）,产业经济与发展经济,,45
China Economic Journal,期刊,,1753-8963,管理科学 D（2025总汇）,产业经济与发展经济,,18
Comparative Economic Studies,期刊,,0888-7233,管理科学 D（2025总汇）,产业经济与发展经济,,33
Economic and Political Studies,期刊,,2095-4816,管理科学 D（2025总汇）,产业经济与发展经济,,21
Economic Change and Restructuring,期刊,,1573-9414,管理科学 D（2025总汇）,产业经济与发展经济,,7
International Journal of Strategic Property Management,期刊,,1648-715X,管理科学 D（2025总汇）,产业经济与发展经济,,31
Journal of Property Investment & Finance,期刊,,1463-578X,管理科学 D（2025总汇）,产业经济与发展经济,,21
Telecommunications Policy,期刊,,0308-5961,管理科学 D（2025总汇）,产业经济与发展经济,,1
Entrepreneurship Theory and Practice,期刊,,1042-2587,管理科学 A（2025总汇）,创业与中小企业管理,,2
Journal of Business Venturing,期刊,,0883-9026,管理科学 A（2025总汇）,创业与中小企业管理,,1
Strategic Entrepreneurship Journal,期刊,,1932-4391,管理科学 A（2025总汇）,创业与中小企业管理,,4
Entrepreneurship and Regional Development,期刊,,0898-5626,管理科学 B（2025总汇）,创业与中小企业管理,,12
Family Business Review,期刊,,0894-4865,管理科学 B（2025总汇）,创业与中小企业管理,,7
International Small Business Journal,期刊,,0266-2426,管理科学 B（2025总汇）,创业与中小企业管理,,10
Journal of Small Business Management,期刊,,0047-2778,管理科学 B（2025总汇）,创业与中小企业管理,,6
Small Business Economics,期刊,,0921-898X,管理科学 B（2025总汇）,创业与中小企业管理,,8
Entrepreneurship Research Journal,期刊,,2194-6175,管理科学 C（2025总汇）,创业与中小企业管理,,16
International Entrepreneurship and Management Journal,期刊,,1554-7191,管理科学 C（2025总汇）,创业与中小企业管理,,10
International Journal of Entrepreneurial Behaviour & Research,期刊,,1355-2554,管理科学 C（2025总汇）,创业与中小企业管理,,9
International Journal of Entrepreneurial Venturing,期刊,,1742-5379,管理科学 C（2025总汇）,创业与中小企业管理,,19
Journal of Business Venturing Insights,期刊,,2352-6734,管理科学 C（2025总汇）,创业与中小企业管理,,22
Journal of Family Business Strategy,期刊,,1877-8585,管理科学 C（2025总汇）,创业与中小企业管理,,5
International Journal of Entrepreneurship and Innovation,期刊,,1465-7503,管理科学 D（2025总汇）,创业与中小企业管理,,17
International Journal of Entrepreneurship and Innovation Management,期刊,,1368-275X,管理科学 D（2025总汇）,创业与中小企业管理,,22
International Journal of Entrepreneurship and Small Business,期刊,,1476-1297,管理科学 D（2025总汇）,创业与中小企业管理,,20
International Journal of Gender and Entrepreneurship,期刊,,1756-6266,管理科学 D（2025总汇）,创业与中小企业管理,,14
International Journal of Globalisation and Small Business,期刊,,1479-3059,管理科学 D（2025总汇）,创业与中小企业管理,,22
Journal of Enterprising Culture,期刊,,0218-4958,管理科学 D（2025总汇）,创业与中小企业管理,,21
Journal of Entrepreneurship,期刊,,0971-3557,管理科学 D（2025总汇）,创业与中小企业管理,,18
Journal of International Entrepreneurship,期刊,,1570-7385,管理科学 D（2025总汇）,创业与中小企业管理,,15
Journal of Small Business & Entrepreneurship,期刊,,0827-6331,管理科学 D（2025总汇）,创业与中小企业管理,,22
Journal of Small Business and Enterprise Development,期刊,,1462-6004,管理科学 D（2025总汇）,创业与中小企业管理,,12
Risk Analysis,期刊,,0272-4332,管理科学 A（2025总汇）,风险与安全管理,,9
Accident Analysis and Prevention,期刊,,0001-4575,管理科学 B（2025总汇）,风险与安全管理,,2
Disasters,期刊,,0361-3666,管理科学 B（2025总汇）,风险与安全管理,,10
Journal of Risk,期刊,,1465-1211,管理科学 B（2025总汇）,风险与安全管理,,19
Journal of Risk and Uncertainty,期刊,,0895-5646,管理科学 B（2025总汇）,风险与安全管理,,12
Journal of Safety Research,期刊,,0022-4375,管理科学 B（2025总汇）,风险与安全管理,,5
Proceedings of the Institution of Mechanical Engineers Part O-Journal of Risk and Reliability,期刊,,1748-006X,管理科学 B（2025总汇）,风险与安全管理,,14
Reliability Engineering & System Safety,期刊,,0951-8320,管理科学 B（2025总汇）,风险与安全管理,,1
Safety Science,期刊,,0925-7535,管理科学 B（2025总汇）,风险与安全管理,,3
Security Dialogue,期刊,,0967-0106,管理科学 B（2025总汇）,风险与安全管理,,11
Disaster Prevention and Management,期刊,,0965-3562,管理科学 C（2025总汇）,风险与安全管理,,13
International Journal of Disaster Risk Reduction,期刊,,2212-4209,管理科学 C（2025总汇）,风险与安全管理,,4
International Journal of Disaster Risk Science,期刊,,2095-0055,管理科学 C（2025总汇）,风险与安全管理,,7
Journal of Operational Risk,期刊,,1744-6740,管理科学 C（2025总汇）,风险与安全管理,,17
Journal of Risk Research,期刊,,1366-9877,管理科学 C（2025总汇）,风险与安全管理,,15
Journal of Credit Risk,期刊,,1744-6619,管理科学 D（2025总汇）,风险与安全管理,,20
Journal of Loss Prevention in the Process Industries,期刊,,0950-4230,管理科学 D（2025总汇）,风险与安全管理,,6
Journal of Risk Model Validation,期刊,,1753-9579,管理科学 D（2025总汇）,风险与安全管理,,18
Journal of Safety Science and Resilience,期刊,,2096-7527,管理科学 D（2025总汇）,风险与安全管理,,8
Risk Management,期刊,,1460-3799,管理科学 D（2025总汇）,风险与安全管理,,15
European Journal of Operational Research,期刊,,0377-2217,管理科学 A（2025总汇）,工业工程与工程管理,,4
Frontiers of Engineering Management,期刊,,2095-7513,管理科学 A（2025总汇）,工业工程与工程管理,,1
IISE Transactions,期刊,,2472-5862,管理科学 A（2025总汇）,工业工程与工程管理,,20
Construction Management and Economics,期刊,,0144-6193,管理科学 B（2025总汇）,工业工程与工程管理,,15
IEEE Transactions on Engineering Management,期刊,,0018-9391,管理科学 B（2025总汇）,工业工程与工程管理,,5
International Journal of Project Management,期刊,,0263-7863,管理科学 B（2025总汇）,工业工程与工程管理,,2
Journal of Civil Engineering and Management,期刊,,1392-3730,管理科学 B（2025总汇）,工业工程与工程管理,,11
Journal of Construction Engineering and Management,期刊,,0733-9364,管理科学 B（2025总汇）,工业工程与工程管理,,7
Journal of Management in Engineering,期刊,,0742-597X,管理科学 B（2025总汇）,工业工程与工程管理,,3
Journal of Quality Technology,期刊,,0022-4065,管理科学 B（2025总汇）,工业工程与工程管理,,21
Building Research and Information,期刊,,0961-3218,管理科学 C（2025总汇）,工业工程与工程管理,,13
Construction Innovation,期刊,,1471-4175,管理科学 C（2025总汇）,工业工程与工程管理,,12
Engineering Construction and Architectural Management,期刊,,0969-9988,管理科学 C（2025总汇）,工业工程与工程管理,,10
International Journal of Quality & Reliability Management,期刊,,0265-671X,管理科学 C（2025总汇）,工业工程与工程管理,,17
Journal of Computing in Civil Engineering,期刊,,0887-3801,管理科学 C（2025总汇）,工业工程与工程管理,,5
Journal of Infrastructure Systems,期刊,,1076-0342,管理科学 C（2025总汇）,工业工程与工程管理,,21
Project Management Journal,期刊,,8756-9728,管理科学 C（2025总汇）,工业工程与工程管理,,9
Total Quality Management & Business Excellence,期刊,,1478-3363,管理科学 C（2025总汇）,工业工程与工程管理,,8
Engineering Management Journal,期刊,,1042-9247,管理科学 D（2025总汇）,工业工程与工程管理,,18
Engineering Sustainability,期刊,,1478-4629,管理科学 D（2025总汇）,工业工程与工程管理,,19
International Journal of Construction Management,期刊,,1562-3599,管理科学 D（2025总汇）,工业工程与工程管理,,13
International Journal of Managing Projects in Business,期刊,,1753-8378,管理科学 D（2025总汇）,工业工程与工程管理,,16
Journal of Public Administration Research and Theory,期刊,,1053-1858,管理科学 A（2025总汇）,公共政策与公共管理,,2
Public Administration,期刊,,0033-3298,管理科学 A（2025总汇）,公共政策与公共管理,,3
Public Administration Review,期刊,,0033-3352,管理科学 A（2025总汇）,公共政策与公共管理,,4
Public Management Review,期刊,,1471-9037,管理科学 A（2025总汇）,公共政策与公共管理,,4
Administration & Society,期刊,,0095-3997,管理科学 B（2025总汇）,公共政策与公共管理,,25
American Review of Public Administration,期刊,,0275-0740,管理科学 B（2025总汇）,公共政策与公共管理,,20
Governance,期刊,,0952-1895,管理科学 B（2025总汇）,公共政策与公共管理,,12
Government Information Quarterly,期刊,,0740-624X,管理科学 B（2025总汇）,公共政策与公共管理,,1
International Public Management Journal,期刊,,1096-7494,管理科学 B（2025总汇）,公共政策与公共管理,,15
Journal of Policy Analysis and Management,期刊,,0276-8739,管理科学 B（2025总汇）,公共政策与公共管理,,23
Nonprofit and Voluntary Sector Quarterly,期刊,,0899-7640,管理科学 B（2025总汇）,公共政策与公共管理,,20
Policy and Politics,期刊,,0305-5736,管理科学 B（2025总汇）,公共政策与公共管理,,12
Public Opinion Quarterly,期刊,,0033-362X,管理科学 B（2025总汇）,公共政策与公共管理,,17
Regulation & Governance,期刊,,1748-5983,管理科学 B（2025总汇）,公共政策与公共管理,,7
Australian Journal of Public Administration,期刊,,0313-6647,管理科学 C（2025总汇）,公共政策与公共管理,,29
Financial Accountability & Management,期刊,,0267-4424,管理科学 C（2025总汇）,公共政策与公共管理,,18
International Journal of Public Administration,期刊,,0190-0692,管理科学 C（2025总汇）,公共政策与公共管理,,29
International Journal of Public Opinion Research,期刊,,0954-2892,管理科学 C（2025总汇）,公共政策与公共管理,,38
International Review of Administrative Sciences,期刊,,0020-8523,管理科学 C（2025总汇）,公共政策与公共管理,,18
Journal of Asian Public Policy,期刊,,1751-6234,管理科学 C（2025总汇）,公共政策与公共管理,,40
Journal of Chinese Governance,期刊,,2381-2346,管理科学 C（2025总汇）,公共政策与公共管理,,8
Journal of Comparative Policy Analysis,期刊,,1387-6988,管理科学 C（2025总汇）,公共政策与公共管理,,37
Journal of Contemporary China,期刊,,1067-0564,管理科学 C（2025总汇）,公共政策与公共管理,,23
Journal of Policy Modeling,期刊,,0161-8938,管理科学 C（2025总汇）,公共政策与公共管理,,12
Journal of Public Policy,期刊,,0143-814X,管理科学 C（2025总汇）,公共政策与公共管理,,29
Local Government Studies,期刊,,0300-3930,管理科学 C（2025总汇）,公共政策与公共管理,,35
Nonprofit Management & Leadership,期刊,,1048-6682,管理科学 C（2025总汇）,公共政策与公共管理,,35
Policy Sciences,期刊,,0032-2687,管理科学 C（2025总汇）,公共政策与公共管理,,8
Policy Studies,期刊,,0144-2872,管理科学 C（2025总汇）,公共政策与公共管理,,25
Policy Studies Journal,期刊,,0190-292X,管理科学 C（2025总汇）,公共政策与公共管理,,4
Public Administration and Development,期刊,,0271-2075,管理科学 C（2025总汇）,公共政策与公共管理,,29
Public Administration Quarterly,期刊,,0734-9149,管理科学 C（2025总汇）,公共政策与公共管理,,42
Public Money & Management,期刊,,0954-0962,管理科学 C（2025总汇）,公共政策与公共管理,,29
Public Performance & Management Review,期刊,,1530-9576,管理科学 C（2025总汇）,公共政策与公共管理,,16
Public Policy and Administration,期刊,,0952-0767,管理科学 C（2025总汇）,公共政策与公共管理,,10
Social Policy & Administration,期刊,,0144-5596,管理科学 C（2025总汇）,公共政策与公共管理,,27
Voluntas,期刊,,0957-8765,管理科学 C（2025总汇）,公共政策与公共管理,,34
eJournal of Tax Research,期刊,,1448-2398,管理科学 D（2025总汇）,公共政策与公共管理,,41
Global Public Policy and Governance,期刊,,2730-6291,管理科学 D（2025总汇）,公共政策与公共管理,,27
International Journal of Public Sector Management,期刊,,0951-3558,管理科学 D（2025总汇）,公共政策与公共管理,,20
International Review of Public Administration,期刊,,1229-4659,管理科学 D（2025总汇）,公共政策与公共管理,,42
Journal of Non Profit and Public Sector Marketing,期刊,,1049-5142,管理科学 D（2025总汇）,公共政策与公共管理,,38
Review of Policy Research,期刊,,1541-132X,管理科学 D（2025总汇）,公共政策与公共管理,,10
Journal of International Business Studies,期刊,,0047-2506,管理科学 A（2025总汇）,国际商务国际事务,,1
Journal of World Business,期刊,,1090-9516,管理科学 A（2025总汇）,国际商务国际事务,,2
Asia Pacific Journal of Management,期刊,,0217-4561,管理科学 B（2025总汇）,国际商务国际事务,,4
Australian Journal of International Affairs,期刊,,1035-7718,管理科学 B（2025总汇）,国际商务国际事务,,22
Economy and Society,期刊,,0308-5147,管理科学 B（2025总汇）,国际商务国际事务,,8
European Journal of International Relations,期刊,,1354-0661,管理科学 B（2025总汇）,国际商务国际事务,,20
Foreign Affairs,期刊,,0015-7120,管理科学 B（2025总汇）,国际商务国际事务,,52
International Affairs,期刊,,0020-5850,管理科学 B（2025总汇）,国际商务国际事务,,10
International Business Review,期刊,,0969-5931,管理科学 B（2025总汇）,国际商务国际事务,,3
International Studies Quarterly,期刊,,0020-8833,管理科学 B（2025总汇）,国际商务国际事务,,29
Journal of Conflict Resolution,期刊,,0022-0027,管理科学 B（2025总汇）,国际商务国际事务,,36
Journal of European Public Policy,期刊,,1350-1763,管理科学 B（2025总汇）,国际商务国际事务,,7
Journal of International Management,期刊,,1075-4253,管理科学 B（2025总汇）,国际商务国际事务,,5
Journal of Social Policy,期刊,,0047-2794,管理科学 B（2025总汇）,国际商务国际事务,,24
Management International Review,期刊,,0938-8249,管理科学 B（2025总汇）,国际商务国际事务,,9
Review of International Political Economy,期刊,,0969-2290,管理科学 B（2025总汇）,国际商务国际事务,,11
Socio-Economic Review,期刊,,1475-1461,管理科学 B（2025总汇）,国际商务国际事务,,24
African Affairs,期刊,,0001-9909,管理科学 C（2025总汇）,国际商务国际事务,,36
Business and Politics,期刊,,1469-3569,管理科学 C（2025总汇）,国际商务国际事务,,31
Capital Markets Law Journal,期刊,,1750-7219,管理科学 C（2025总汇）,国际商务国际事务,,46
China Journal,期刊,,1324-9347,管理科学 C（2025总汇）,国际商务国际事务,,12
China Quarterly,期刊,,0305-7410,管理科学 C（2025总汇）,国际商务国际事务,,29
Chinese Management Studies,期刊,,1750-614X,管理科学 C（2025总汇）,国际商务国际事务,,33
Competition and Change,期刊,,1024-5294,管理科学 C（2025总汇）,国际商务国际事务,,12
Development and Change,期刊,,0012-155X,管理科学 C（2025总汇）,国际商务国际事务,,16
Europe-Asia Studies,期刊,,0966-8136,管理科学 C（2025总汇）,国际商务国际事务,,42
International Journal of Conflict Management,期刊,,1044-4068,管理科学 C（2025总汇）,国际商务国际事务,,24
Journal of Common Market Studies,期刊,,0021-9886,管理科学 C（2025总汇）,国际商务国际事务,,15
Journal of European Social Policy,期刊,,0958-9287,管理科学 C（2025总汇）,国际商务国际事务,,16
Journal of International Economic Law,期刊,,1369-3034,管理科学 C（2025总汇）,国际商务国际事务,,24
Journal of World Investment & Trade,期刊,,1660-7112,管理科学 C（2025总汇）,国际商务国际事务,,38
Journal of World Trade,期刊,,1011-6702,管理科学 C（2025总汇）,国际商务国际事务,,42
Legal Issues of Economic Integration,期刊,,1566-6573,管理科学 C（2025总汇）,国际商务国际事务,,50
Multinational Business Review,期刊,,1525-383X,管理科学 C（2025总汇）,国际商务国际事务,,22
New Political Economy,期刊,,1356-3467,管理科学 C（2025总汇）,国际商务国际事务,,6
Public Relations Review,期刊,,0363-8111,管理科学 C（2025总汇）,国际商务国际事务,,12
Review of Social Economy,期刊,,0034-6764,管理科学 C（2025总汇）,国际商务国际事务,,42
Studies in Comparative International Development,期刊,,0039-3606,管理科学 C（2025总汇）,国际商务国际事务,,42
Third World Quarterly,期刊,,0143-6597,管理科学 C（2025总汇）,国际商务国际事务,,40
Thunderbird International Business Review,期刊,,1096-4762,管理科学 C（2025总汇）,国际商务国际事务,,16
Venture Capital,期刊,,1369-1066,管理科学 C（2025总汇）,国际商务国际事务,,33
Asia Pacific Business Review,期刊,,1360-2381,管理科学 D（2025总汇）,国际商务国际事务,,39
Asian Business & Management,期刊,,1472-4782,管理科学 D（2025总汇）,国际商务国际事务,,21
Critical Perspectives on International Business,期刊,,1742-2043,管理科学 D（2025总汇）,国际商务国际事务,,33
Cross Cultural & Strategic Management,期刊,,2059-5794,管理科学 D（2025总汇）,国际商务国际事务,,19
European Journal of International Management,期刊,,1751-6757,管理科学 D（2025总汇）,国际商务国际事务,,49
International Journal of Cross Cultural Management,期刊,,1470-5958,管理科学 D（2025总汇）,国际商务国际事务,,31
International Negotiation,期刊,,1382-340X,管理科学 D（2025总汇）,国际商务国际事务,,48
International Trade Journal,期刊,,0885-3908,管理科学 D（2025总汇）,国际商务国际事务,,46
Journal of East European Management Studies,期刊,,0949-6181,管理科学 D（2025总汇）,国际商务国际事务,,50
Nankai Business Review International,期刊,,2040-8749,管理科学 D（2025总汇）,国际商务国际事务,,24
Review of African Political Economy,期刊,,0305-6244,管理科学 D（2025总汇）,国际商务国际事务,,41
Transnational Corporations,期刊,,1014-9562,管理科学 D（2025总汇）,国际商务国际事务,,52
American Economic Journal: Macroeconomics,期刊,,1945-7707,管理科学 A（2025总汇）,宏观经济与国际经济,,3
Journal of International Economics,期刊,,0022-1996,管理科学 A（2025总汇）,宏观经济与国际经济,,8
Journal of Monetary Economics,期刊,,0304-3932,管理科学 A（2025总汇）,宏观经济与国际经济,,7
Economic Policy,期刊,,0266-4658,管理科学 B（2025总汇）,宏观经济与国际经济,,2
IMF Economic Review,期刊,,2041-4161,管理科学 B（2025总汇）,宏观经济与国际经济,,14
Journal of Economic Dynamics and Control,期刊,,0165-1889,管理科学 B（2025总汇）,宏观经济与国际经济,,13
Macroeconomic Dynamics,期刊,,1365-1005,管理科学 B（2025总汇）,宏观经济与国际经济,,32
NBER Macroeconomics Annual,期刊,,0889-3365,管理科学 B（2025总汇）,宏观经济与国际经济,,1
Oxford Bulletin of Economics and Statistics,期刊,,0305-9049,管理科学 B（2025总汇）,宏观经济与国际经济,,22
Review of Economic Dynamics,期刊,,1094-2025,管理科学 B（2025总汇）,宏观经济与国际经济,,17
Review of International Economics,期刊,,0965-7576,管理科学 B（2025总汇）,宏观经济与国际经济,,22
Applied Economics,期刊,,0003-6846,管理科学 C（2025总汇）,宏观经济与国际经济,,17
B.E. Journal of Macroeconomics,期刊,,1935-1690,管理科学 C（2025总汇）,宏观经济与国际经济,,34
Bulletin of Economic Research,期刊,,0307-3378,管理科学 C（2025总汇）,宏观经济与国际经济,,25
Economic Modelling,期刊,,0264-9993,管理科学 C（2025总汇）,宏观经济与国际经济,,6
Economic Systems,期刊,,0939-3625,管理科学 C（2025总汇）,宏观经济与国际经济,,10
Empirical Economics,期刊,,0377-7332,管理科学 C（2025总汇）,宏观经济与国际经济,,19
Journal of Economic Surveys,期刊,,0950-0804,管理科学 C（2025总汇）,宏观经济与国际经济,,5
Journal of Macroeconomics,期刊,,0164-0704,管理科学 C（2025总汇）,宏观经济与国际经济,,21
Journal of the Japanese and International Economies,期刊,,0889-1583,管理科学 C（2025总汇）,宏观经济与国际经济,,11
Open Economies Review,期刊,,0923-7992,管理科学 C（2025总汇）,宏观经济与国际经济,,29
Pacific Economic Review,期刊,,1361-374X,管理科学 C（2025总汇）,宏观经济与国际经济,,33
Review of World Economics,期刊,,1610-2878,管理科学 C（2025总汇）,宏观经济与国际经济,,25
Scottish Journal of Political Economy,期刊,,0036-9292,管理科学 C（2025总汇）,宏观经济与国际经济,,25
Structural Change and Economic Dynamics,期刊,,0954-349X,管理科学 C（2025总汇）,宏观经济与国际经济,,4
World Economy,期刊,,0378-5920,管理科学 C（2025总汇）,宏观经济与国际经济,,12
Applied Economics Letters,期刊,,1350-4851,管理科学 D（2025总汇）,宏观经济与国际经济,,24
Australian Economic Papers,期刊,,0004-900X,管理科学 D（2025总汇）,宏观经济与国际经济,,20
International Economic Journal,期刊,,1016-8737,管理科学 D（2025总汇）,宏观经济与国际经济,,25
Journal of Asian Economics,期刊,,1049-0078,管理科学 D（2025总汇）,宏观经济与国际经济,,9
Journal of Economic Integration,期刊,,1225-651X,管理科学 D（2025总汇）,宏观经济与国际经济,,29
Journal of International Trade and Economic Development,期刊,,0963-8199,管理科学 D（2025总汇）,宏观经济与国际经济,,14
Metroeconomica,期刊,,0026-1386,管理科学 D（2025总汇）,宏观经济与国际经济,,31
Portuguese Economic Journal,期刊,,1617-982X,管理科学 D（2025总汇）,宏观经济与国际经济,,14
Accounting Organizations and Society,期刊,,0361-3682,管理科学 A（2025总汇）,会计,,12
Accounting Review,期刊,,0001-4826,管理科学 A（2025总汇）,会计,,10
Contemporary Accounting Research,期刊,,0823-9150,管理科学 A（2025总汇）,会计,,15
Journal of Accounting and Economics,期刊,,0165-4101,管理科学 A（2025总汇）,会计,,4
Journal of Accounting Research,期刊,,0021-8456,管理科学 A（2025总汇）,会计,,5
Review of Accounting Studies,期刊,,1380-6653,管理科学 A（2025总汇）,会计,,7
Abacus,期刊,,0001-3072,管理科学 B（2025总汇）,会计,,31
Accounting and Business Research,期刊,,0001-4788,管理科学 B（2025总汇）,会计,,42
Accounting Auditing & Accountability Journal,期刊,,0951-3574,管理科学 B（2025总汇）,会计,,19
Accounting Horizons,期刊,,0888-7993,管理科学 B（2025总汇）,会计,,32
Auditing,期刊,,0278-0380,管理科学 B（2025总汇）,会计,,25
Behavioral Research in Accounting,期刊,,1050-4753,管理科学 B（2025总汇）,会计,,46
British Accounting Review,期刊,,0890-8389,管理科学 B（2025总汇）,会计,,1
British Tax Review,期刊,,0007-1870,管理科学 B（2025总汇）,会计,,51
Corporate Governance: An International Review,期刊,,0964-8410,管理科学 B（2025总汇）,会计,,9
Critical Perspectives on Accounting,期刊,,1045-2354,管理科学 B（2025总汇）,会计,,8
European Accounting Review,期刊,,0963-8180,管理科学 B（2025总汇）,会计,,27
International Journal of Accounting,期刊,,1094-4060,管理科学 B（2025总汇）,会计,,38
Journal of Accounting and Public Policy,期刊,,0278-4254,管理科学 B（2025总汇）,会计,,32
Journal of Accounting Literature,期刊,,0737-4607,管理科学 B（2025总汇）,会计,,28
"Journal of Accounting, Auditing & Finance",期刊,,0148-558X,管理科学 B（2025总汇）,会计,,45
Journal of Business Finance & Accounting,期刊,,0306-686X,管理科学 B（2025总汇）,会计,,30
Journal of International Accounting Research,期刊,,1542-6297,管理科学 B（2025总汇）,会计,,47
"Journal of International Accounting, Auditing and Taxation",期刊,,1061-9518,管理科学 B（2025总汇）,会计,,16
Journal of Management Accounting Research,期刊,,1049-2127,管理科学 B（2025总汇）,会计,,39
Journal of the American Taxation Association,期刊,,0198-9073,管理科学 B（2025总汇）,会计,,36
Management Accounting Research,期刊,,1044-5005,管理科学 B（2025总汇）,会计,,12
Accounting and Finance,期刊,,0810-5391,管理科学 C（2025总汇）,会计,,28
Accounting and the Public Interest,期刊,,1530-9320,管理科学 C（2025总汇）,会计,,51
Accounting Forum,期刊,,0155-9982,管理科学 C（2025总汇）,会计,,19
Accounting in Europe,期刊,,1744-9480,管理科学 C（2025总汇）,会计,,11
Accounting Research Journal,期刊,,1030-9616,管理科学 C（2025总汇）,会计,,35
"Accounting, Economics, and Law: A Convivium",期刊,,2152-2820,管理科学 C（2025总汇）,会计,,48
Advances in Accounting,期刊,,0882-6110,管理科学 C（2025总汇）,会计,,41
Advances in Accounting Behavioral Research,期刊,,1475-1488,管理科学 C（2025总汇）,会计,,51
Advances in Management Accounting,期刊,,1474-7871,管理科学 C（2025总汇）,会计,,51
Asia-Pacific Journal of Accounting & Economics,期刊,,1608-1625,管理科学 C（2025总汇）,会计,,40
Australian Accounting Review,期刊,,1835-2561,管理科学 C（2025总汇）,会计,,21
China Journal of Accounting Research,期刊,,1755-3091,管理科学 C（2025总汇）,会计,,12
China Journal of Accounting Studies,期刊,,2169-7213,管理科学 C（2025总汇）,会计,,51
Foundations and Trends® in Accounting,期刊,,1554-0642,管理科学 C（2025总汇）,会计,,51
International Journal of Accounting Information Systems,期刊,,1467-0895,管理科学 C（2025总汇）,会计,,6
International Journal of Auditing,期刊,,1090-6738,管理科学 C（2025总汇）,会计,,42
International Journal of Managerial and Financial Accounting,期刊,,1753-6715,管理科学 C（2025总汇）,会计,,42
Journal of Accounting & Organizational Change,期刊,,1832-5912,管理科学 C（2025总汇）,会计,,23
Journal of Applied Accounting Research,期刊,,0967-5426,管理科学 C（2025总汇）,会计,,16
Journal of Contemporary Accounting & Economics,期刊,,1815-5669,管理科学 C（2025总汇）,会计,,24
Journal of Forensic and Investigative Accounting,期刊,,2165-3755,管理科学 C（2025总汇）,会计,,51
Journal of Information Systems,期刊,,0888-7985,管理科学 C（2025总汇）,会计,,36
Journal of International Financial Management & Accounting,期刊,,0954-1314,管理科学 C（2025总汇）,会计,,2
Journal of Management Control,期刊,,2191-4761,管理科学 C（2025总汇）,会计,,18
Managerial Auditing Journal,期刊,,0268-6902,管理科学 C（2025总汇）,会计,,25
Qualitative Research in Accounting & Management,期刊,,1176-6093,管理科学 C（2025总汇）,会计,,22
Research in Accounting Regulation,期刊,,1052-0457,管理科学 C（2025总汇）,会计,,51
Sustainability Accounting Management and Policy Journal,期刊,,2040-8021,管理科学 C（2025总汇）,会计,,3
Comptabilite Controle Audit,期刊,,1262-2788,管理科学 D（2025总汇）,会计,,49
"International Journal of Accounting, Auditing and Performance Evaluation",期刊,,1740-8008,管理科学 D（2025总汇）,会计,,51
Journal of Accounting Review,期刊,,1018-1687,管理科学 D（2025总汇）,会计,,50
Management Accounting Quarterly,期刊,,1528-5359,管理科学 D（2025总汇）,会计,,51
Social and Environmental Accountability Journal,期刊,,0969-160X,管理科学 D（2025总汇）,会计,,51
World Tax Journal,期刊,,2352-9237,管理科学 D（2025总汇）,会计,,51
Annals of Statistics,期刊,,0090-5364,管理科学 A（2025总汇）,计量经济与统计,,3
Biometrika,期刊,,0006-3444,管理科学 A（2025总汇）,计量经济与统计,,11
Econometric Theory,期刊,,0266-4666,管理科学 A（2025总汇）,计量经济与统计,,28
Journal of Business & Economic Statistics,期刊,,0735-0015,管理科学 A（2025总汇）,计量经济与统计,,12
Journal of Econometrics,期刊,,0304-4076,管理科学 A（2025总汇）,计量经济与统计,,2
Journal of the American Statistical Association,期刊,,0162-1459,管理科学 A（2025总汇）,计量经济与统计,,10
Journal of the Royal Statistical Society Series B-Stastistical Methodology,期刊,,1369-7412,管理科学 A（2025总汇）,计量经济与统计,,4
Annals of Applied Statistics,期刊,,1932-6157,管理科学 B（2025总汇）,计量经济与统计,,22
Biostatistics,期刊,,1465-4644,管理科学 B（2025总汇）,计量经济与统计,,13
Computational Statistics & Data Analysis,期刊,,0167-9473,管理科学 B（2025总汇）,计量经济与统计,,18
Econometric Reviews,期刊,,0747-4938,管理科学 B（2025总汇）,计量经济与统计,,28
Econometrics Journal,期刊,,1368-4221,管理科学 B（2025总汇）,计量经济与统计,,1
Journal of Applied Econometrics,期刊,,0883-7252,管理科学 B（2025总汇）,计量经济与统计,,9
Journal of Computational and Graphical Statistics,期刊,,1061-8600,管理科学 B（2025总汇）,计量经济与统计,,14
Journal of Multivariate Analysis,期刊,,0047-259X,管理科学 B（2025总汇）,计量经济与统计,,17
Journal of the Royal Statistical Society Series A-Statistics in society,期刊,,0964-1998,管理科学 B（2025总汇）,计量经济与统计,,18
Journal of the Royal Statistical Society Series C-Applied statistics,期刊,,0035-9254,管理科学 B（2025总汇）,计量经济与统计,,23
Journal of Time Series Analysis,期刊,,0143-9782,管理科学 B（2025总汇）,计量经济与统计,,28
Scandinavian Journal of Statistics,期刊,,0303-6898,管理科学 B（2025总汇）,计量经济与统计,,28
Statistica Sinica,期刊,,1017-0405,管理科学 B（2025总汇）,计量经济与统计,,25
Statistical Science,期刊,,0883-4237,管理科学 B（2025总汇）,计量经济与统计,,7
Annals of the Institute of Statistical Mathematics,期刊,,0020-3157,管理科学 C（2025总汇）,计量经济与统计,,39
Australian & New Zealand Journal of Statistics,期刊,,1467-842X,管理科学 C（2025总汇）,计量经济与统计,,35
Canadian Journal of Statistics-Revue Canadienne De Statistique,期刊,,1708-945X,管理科学 C（2025总汇）,计量经济与统计,,28
Electronic Journal of Statistics,期刊,,1935-7524,管理科学 C（2025总汇）,计量经济与统计,,23
International Statistical Review,期刊,,0306-7734,管理科学 C（2025总汇）,计量经济与统计,,14
Journal of Applied Probability,期刊,,0021-9002,管理科学 C（2025总汇）,计量经济与统计,,38
Journal of Applied Statistics,期刊,,0266-4763,管理科学 C（2025总汇）,计量经济与统计,,26
Journal of Statistical Planning and Inference,期刊,,0378-3758,管理科学 C（2025总汇）,计量经济与统计,,35
Multivariate Behavioral Research,期刊,,0027-3171,管理科学 C（2025总汇）,计量经济与统计,,6
Statistica Neerlandica,期刊,,0039-0402,管理科学 C（2025总汇）,计量经济与统计,,35
Statistics and Computing,期刊,,0960-3174,管理科学 C（2025总汇）,计量经济与统计,,18
Statistics in Medicine,期刊,,0277-6715,管理科学 C（2025总汇）,计量经济与统计,,14
Structural Equation Modeling,期刊,,1070-5511,管理科学 C（2025总汇）,计量经济与统计,,8
Studies in Nonlinear Dynamics and Econometrics,期刊,,1081-1826,管理科学 C（2025总汇）,计量经济与统计,,34
International Review of Applied Economics,期刊,,0269-2171,管理科学 D（2025总汇）,计量经济与统计,,18
Statistical Analysis and Data Mining,期刊,,1932-1864,管理科学 D（2025总汇）,计量经济与统计,,4
Statistical papers,期刊,,0932-5026,管理科学 D（2025总汇）,计量经济与统计,,26
Statistics,期刊,,0233-1888,管理科学 D（2025总汇）,计量经济与统计,,28
Transportation Research Part A: Policy and Practice,期刊,,0965-8564,管理科学 A（2025总汇）,交通运输管理,,7
Transportation Research Part B: Methodological,期刊,,0191-2615,管理科学 A（2025总汇）,交通运输管理,,8
Transportation Science,期刊,,0041-1655,管理科学 A（2025总汇）,交通运输管理,,14
Communications in Transportation Research,期刊,,2772-4247,管理科学 B（2025总汇）,交通运输管理,,1
IEEE Transactions on Intelligent Transportation Systems,期刊,,1524-9050,管理科学 B（2025总汇）,交通运输管理,,4
Journal of Transport Geography,期刊,,0966-6923,管理科学 B（2025总汇）,交通运输管理,,8
Transport Policy,期刊,,0967-070X,管理科学 B（2025总汇）,交通运输管理,,12
Transport Reviews,期刊,,0144-1647,管理科学 B（2025总汇）,交通运输管理,,2
Transportation Research Part C: Emerging Technologies,期刊,,0968-090X,管理科学 B（2025总汇）,交通运输管理,,5
Transportation Research Part D: Transport and Environment,期刊,,1361-9209,管理科学 B（2025总汇）,交通运输管理,,6
Transportation Research Part E: Logistics and Transportation Review,期刊,,1366-5545,管理科学 B（2025总汇）,交通运输管理,,3
Transportation Research Part F: Traffic Psychology and Behaviour,期刊,,1369-8478,管理科学 B（2025总汇）,交通运输管理,,15
EURO Journal on Transportation and Logistics,期刊,,2192-4376,管理科学 C（2025总汇）,交通运输管理,,27
IEEE Intelligent Transportation Systems Magazine,期刊,,1939-1390,管理科学 C（2025总汇）,交通运输管理,,13
IET Intelligent Transport Systems,期刊,,1751-956X,管理科学 C（2025总汇）,交通运输管理,,28
Journal of Air Transport Management,期刊,,0969-6997,管理科学 C（2025总汇）,交通运输管理,,18
Journal of Intelligent Transportation Systems,期刊,,1547-2450,管理科学 C（2025总汇）,交通运输管理,,26
Journal of Transport Economics and Policy,期刊,,0022-5258,管理科学 C（2025总汇）,交通运输管理,,35
Maritime Policy & Management,期刊,,0308-8839,管理科学 C（2025总汇）,交通运输管理,,18
Networks & Spatial Economics,期刊,,1566-113X,管理科学 C（2025总汇）,交通运输管理,,32
Ocean & Coastal Management,期刊,,0964-5691,管理科学 C（2025总汇）,交通运输管理,,11
Research in Transportation Economics,期刊,,0739-8859,管理科学 C（2025总汇）,交通运输管理,,20
Transportation,期刊,,0049-4488,管理科学 C（2025总汇）,交通运输管理,,22
Transportmetrica A: Transport Science,期刊,,2324-9935,管理科学 C（2025总汇）,交通运输管理,,24
Transportmetrica B: Transport Dynamics,期刊,,2168-0566,管理科学 C（2025总汇）,交通运输管理,,20
European Transport Research Review,期刊,,1867-0717,管理科学 D（2025总汇）,交通运输管理,,16
International Journal of Sustainable Transportation,期刊,,1556-8318,管理科学 D（2025总汇）,交通运输管理,,17
Journal of Advanced Transportation,期刊,,0197-6729,管理科学 D（2025总汇）,交通运输管理,,30
Journal of Transportation Engineering Part A-Systems,期刊,,2473-2907,管理科学 D（2025总汇）,交通运输管理,,29
Promet-Traffic & Transportation,期刊,,0353-5320,管理科学 D（2025总汇）,交通运输管理,,34
Transport,期刊,,1648-4142,管理科学 D（2025总汇）,交通运输管理,,33
Transportation Letters: The International Journal of Transportation Research,期刊,,1942-7867,管理科学 D（2025总汇）,交通运输管理,,22
Transportation Planning and Technology,期刊,,0308-1060,管理科学 D（2025总汇）,交通运输管理,,30
Transportation Safety and Environment,期刊,,2631-4428,管理科学 D（2025总汇）,交通运输管理,,25
Travel Behaviour and Society,期刊,,2214-367X,管理科学 D（2025总汇）,交通运输管理,,10
Academy of Management Learning & Education,期刊,,1537-260X,管理科学 A（2025总汇）,教育管理,,2
Economics of Education Review,期刊,,0272-7757,管理科学 B（2025总汇）,教育管理,,16
Higher Education,期刊,,0018-1560,管理科学 B（2025总汇）,教育管理,,3
Journal of Economic Education,期刊,,0022-0485,管理科学 B（2025总汇）,教育管理,,19
Journal of Management Education,期刊,,1052-5629,管理科学 B（2025总汇）,教育管理,,10
Studies in Higher Education,期刊,,0307-5079,管理科学 B（2025总汇）,教育管理,,7
Accounting Education,期刊,,0963-9284,管理科学 C（2025总汇）,教育管理,,12
British Educational Research Journal,期刊,,0141-1926,管理科学 C（2025总汇）,教育管理,,15
British Journal of Educational Technology,期刊,,0007-1013,管理科学 C（2025总汇）,教育管理,,1
Environmental Education Research,期刊,,1350-4622,管理科学 C（2025总汇）,教育管理,,8
INFORMS Transactions on Education,期刊,,1532-0545,管理科学 C（2025总汇）,教育管理,,21
Issues in Accounting Education,期刊,,0739-3172,管理科学 C（2025总汇）,教育管理,,17
Journal of Accounting Education,期刊,,0748-5751,管理科学 C（2025总汇）,教育管理,,21
Journal of Higher Education,期刊,,0022-1546,管理科学 C（2025总汇）,教育管理,,11
Journal of School Psychology,期刊,,0022-4405,管理科学 C（2025总汇）,教育管理,,4
Journal of Vocational Education and Training,期刊,,1363-6820,管理科学 C（2025总汇）,教育管理,,18
Education Economics,期刊,,0964-5292,管理科学 D（2025总汇）,教育管理,,19
Higher Education Quarterly,期刊,,0951-5224,管理科学 D（2025总汇）,教育管理,,12
Information and Learning Sciences,期刊,,2398-5348,管理科学 D（2025总汇）,教育管理,,14
"Journal of Hospitality, Leisure, Sport & Tourism Education",期刊,,1473-8376,管理科学 D（2025总汇）,教育管理,,4
Journal of Management Development,期刊,,0262-1711,管理科学 D（2025总汇）,教育管理,,8
Journal of Marketing Education,期刊,,0273-4753,管理科学 D（2025总汇）,教育管理,,4
Journal of Finance,期刊,,0022-1082,管理科学 A（2025总汇）,金融,,3
Journal of Financial and Quantitative Analysis,期刊,,0022-1090,管理科学 A（2025总汇）,金融,,31
Journal of Financial Economics,期刊,,0304-405X,管理科学 A（2025总汇）,金融,,1
Review of Finance,期刊,,1572-3097,管理科学 A（2025总汇）,金融,,4
Review of Financial Studies,期刊,,0893-9454,管理科学 A（2025总汇）,金融,,14
European Financial Management,期刊,,1354-7798,管理科学 B（2025总汇）,金融,,29
Finance and Stochastics,期刊,,0949-2984,管理科学 B（2025总汇）,金融,,61
Financial Analysts Journal,期刊,,0015-198X,管理科学 B（2025总汇）,金融,,42
Financial Innovation,期刊,,2199-4730,管理科学 B（2025总汇）,金融,,6
Financial Management,期刊,,0046-3892,管理科学 B（2025总汇）,金融,,10
Insurance: Mathematics and Economics,期刊,,0167-6687,管理科学 B（2025总汇）,金融,,42
International Review of Financial Analysis,期刊,,1057-5219,管理科学 B（2025总汇）,金融,,2
Journal of Banking & Finance,期刊,,0378-4266,管理科学 B（2025总汇）,金融,,23
Journal of Commodity Markets,期刊,,2405-8513,管理科学 B（2025总汇）,金融,,20
Journal of Corporate Finance,期刊,,0929-1199,管理科学 B（2025总汇）,金融,,11
Journal of Empirical Finance,期刊,,0927-5398,管理科学 B（2025总汇）,金融,,38
Journal of Financial Econometrics,期刊,,1479-8409,管理科学 B（2025总汇）,金融,,42
Journal of Financial Intermediation,期刊,,1042-9573,管理科学 B（2025总汇）,金融,,24
Journal of Financial Markets,期刊,,1386-4181,管理科学 B（2025总汇）,金融,,48
Journal of Financial Research,期刊,,0270-2592,管理科学 B（2025总汇）,金融,,48
Journal of Financial Stability,期刊,,1572-3089,管理科学 B（2025总汇）,金融,,21
Journal of Futures Markets,期刊,,0270-7314,管理科学 B（2025总汇）,金融,,40
Journal of International Money and Finance,期刊,,0261-5606,管理科学 B（2025总汇）,金融,,27
Journal of Money Credit and Banking,期刊,,0022-2879,管理科学 B（2025总汇）,金融,,57
Journal of Portfolio Management,期刊,,0095-4918,管理科学 B（2025总汇）,金融,,74
Journal of Risk and Insurance,期刊,,0022-4367,管理科学 B（2025总汇）,金融,,56
Mathematical Finance,期刊,,0960-1627,管理科学 B（2025总汇）,金融,,38
Quantitative Finance,期刊,,1469-7688,管理科学 B（2025总汇）,金融,,61
Review of Asset Pricing Studies,期刊,,2045-9920,管理科学 B（2025总汇）,金融,,59
Review of Corporate Finance Studies,期刊,,2046-9128,管理科学 B（2025总汇）,金融,,42
Review of Quantitative Finance and Accounting,期刊,,0924-865X,管理科学 B（2025总汇）,金融,,48
Annals of Actuarial Science,期刊,,1748-4995,管理科学 C（2025总汇）,金融,,69
Annals of Economics and Finance,期刊,,1529-7373,管理科学 C（2025总汇）,金融,,76
Annual Review of Financial Economics,期刊,,1941-1367,管理科学 C（2025总汇）,金融,,16
Asia Pacific Financial Markets,期刊,,1573-6946,管理科学 C（2025总汇）,金融,,34
ASTIN Bulletin,期刊,,0515-0361,管理科学 C（2025总汇）,金融,,53
China Finance Review International,期刊,,2044-1398,管理科学 C（2025总汇）,金融,,5
Corporate Governance: The International Journal of Business in Society,期刊,,1472-0701,管理科学 C（2025总汇）,金融,,17
Critical Finance Review,期刊,,2164-5744,管理科学 C（2025总汇）,金融,,36
Emerging Markets Review,期刊,,1566-0141,管理科学 C（2025总汇）,金融,,19
European Journal of Finance,期刊,,1351-847X,管理科学 C（2025总汇）,金融,,40
Finance Research Letters,期刊,,1544-6123,管理科学 C（2025总汇）,金融,,7
Financial Markets and Portfolio Management,期刊,,1934-4554,管理科学 C（2025总汇）,金融,,53
"Financial Markets, Institutions & Instruments",期刊,,0963-8008,管理科学 C（2025总汇）,金融,,81
Financial Review,期刊,,0732-8516,管理科学 C（2025总汇）,金融,,52
Geneva Papers on Risk and Insurance Issues and Practice,期刊,,1018-5895,管理科学 C（2025总汇）,金融,,27
Geneva Risk and Insurance Review,期刊,,1554-964X,管理科学 C（2025总汇）,金融,,69
Global Finance Journal,期刊,,1044-0283,管理科学 C（2025总汇）,金融,,13
International Journal of Central Banking,期刊,,1815-4654,管理科学 C（2025总汇）,金融,,59
International Journal of Finance & Economics,期刊,,1076-9307,管理科学 C（2025总汇）,金融,,31
International Journal of Theoretical and Applied Finance,期刊,,0219-0249,管理科学 C（2025总汇）,金融,,79
International Review of Economics & Finance,期刊,,1059-0560,管理科学 C（2025总汇）,金融,,12
International Review of Finance,期刊,,1369-412X,管理科学 C（2025总汇）,金融,,34
International Tax and Public Finance,期刊,,0927-5940,管理科学 C（2025总汇）,金融,,61
Journal of Behavioral Finance,期刊,,1542-7560,管理科学 C（2025总汇）,金融,,68
Journal of Computational Finance,期刊,,1460-1559,管理科学 C（2025总汇）,金融,,76
Journal of Derivatives,期刊,,1074-1240,管理科学 C（2025总汇）,金融,,76
Journal of Economics and Business,期刊,,0148-6195,管理科学 C（2025总汇）,金融,,26
Journal of Financial Reporting,期刊,,2380-2154,管理科学 C（2025总汇）,金融,,24
Journal of Financial Services Research,期刊,,0920-8550,管理科学 C（2025总汇）,金融,,51
Journal of Fixed Income,期刊,,1059-8596,管理科学 C（2025总汇）,金融,,81
"Journal of International Financial Markets, Institutions & Money",期刊,,1042-4431,管理科学 C（2025总汇）,金融,,9
North American Actuarial Journal,期刊,,1092-0277,管理科学 C（2025总汇）,金融,,57
Pacific-Basin Finance Journal,期刊,,0927-538X,管理科学 C（2025总汇）,金融,,15
Public Finance Review,期刊,,1091-1421,管理科学 C（2025总汇）,金融,,69
Quarterly Review of Economics and Finance,期刊,,1062-9769,管理科学 C（2025总汇）,金融,,29
Review of Derivatives Research,期刊,,1380-6645,管理科学 C（2025总汇）,金融,,72
Review of Financial Economics,期刊,,1058-3300,管理科学 C（2025总汇）,金融,,61
Scandinavian Actuarial Journal,期刊,,0346-1238,管理科学 C（2025总汇）,金融,,61
SIAM Journal on Financial Mathematics,期刊,,1945-497X,管理科学 C（2025总汇）,金融,,53
Annals of Finance,期刊,,1614-2446,管理科学 D（2025总汇）,金融,,73
Applied Mathematical Finance,期刊,,1350-486X,管理科学 D（2025总汇）,金融,,81
Credit and Capital Markets,期刊,,0733-0480,管理科学 D（2025总汇）,金融,,81
Finanzarchiv,期刊,,0015-2218,管理科学 D（2025总汇）,金融,,80
International Journal of Financial Engineering,期刊,,2424-7863,管理科学 D（2025总汇）,金融,,74
International Journal of Managerial Finance,期刊,,1743-9132,管理科学 D（2025总汇）,金融,,42
Journal of Applied Corporate Finance,期刊,,1078-1196,管理科学 D（2025总汇）,金融,,61
Journal of Asset Management,期刊,,1470-8272,管理科学 D（2025总汇）,金融,,61
Journal of Multinational Financial Management,期刊,,1042-444X,管理科学 D（2025总汇）,金融,,22
Journal of Prediction Markets,期刊,,1750-676X,管理科学 D（2025总汇）,金融,,81
Journal of Risk Finance,期刊,,1526-5943,管理科学 D（2025总汇）,金融,,18
Managerial Finance,期刊,,0307-4358,管理科学 D（2025总汇）,金融,,42
Multinational Finance Journal,期刊,,1096-1879,管理科学 D（2025总汇）,金融,,81
Qualitative Research in Financial Markets,期刊,,1755-4179,管理科学 D（2025总汇）,金融,,36
Research in International Business and Finance,期刊,,0275-5319,管理科学 D（2025总汇）,金融,,7
Review of Accounting and Finance,期刊,,1475-7702,管理科学 D（2025总汇）,金融,,33
Journal of Economic History,期刊,,0022-0507,管理科学 A（2025总汇）,经济史与管理史,,2
Journal of Economic Literature,期刊,,0022-0515,管理科学 A（2025总汇）,经济史与管理史,,1
Business History,期刊,,0007-6791,管理科学 B（2025总汇）,经济史与管理史,,9
Business History Review,期刊,,0007-6805,管理科学 B（2025总汇）,经济史与管理史,,12
Economic History Review,期刊,,0013-0117,管理科学 B（2025总汇）,经济史与管理史,,6
European Review of Economic History,期刊,,1361-4916,管理科学 B（2025总汇）,经济史与管理史,,13
Explorations in Economic History,期刊,,0014-4983,管理科学 B（2025总汇）,经济史与管理史,,4
Accounting Historians Journal,期刊,,0148-4184,管理科学 C（2025总汇）,经济史与管理史,,13
Accounting History,期刊,,1032-3732,管理科学 C（2025总汇）,经济史与管理史,,17
Accounting History Review,期刊,,2155-2851,管理科学 C（2025总汇）,经济史与管理史,,9
Australian Economic History Review,期刊,,0004-8992,管理科学 C（2025总汇）,经济史与管理史,,9
Cliometrica,期刊,,1863-2505,管理科学 C（2025总汇）,经济史与管理史,,21
Enterprise & Society,期刊,,1467-2227,管理科学 C（2025总汇）,经济史与管理史,,17
European Journal of the History of Economic Thought,期刊,,0967-2567,管理科学 C（2025总汇）,经济史与管理史,,21
Financial History Review,期刊,,0968-5650,管理科学 C（2025总汇）,经济史与管理史,,20
History of Political Economy,期刊,,0018-2702,管理科学 C（2025总汇）,经济史与管理史,,17
Journal of Economic Methodology,期刊,,1350-178X,管理科学 C（2025总汇）,经济史与管理史,,3
Journal of Management History,期刊,,1751-1348,管理科学 C（2025总汇）,经济史与管理史,,4
Journal of Post Keynesian Economics,期刊,,0160-3477,管理科学 C（2025总汇）,经济史与管理史,,13
Journal of the History of Economic Thought,期刊,,1053-8372,管理科学 C（2025总汇）,经济史与管理史,,21
Labor History,期刊,,0023-656X,管理科学 C（2025总汇）,经济史与管理史,,21
Labour History,期刊,,0023-6942,管理科学 C（2025总汇）,经济史与管理史,,26
"Politics, Philosophy & Economics",期刊,,1470-594X,管理科学 C（2025总汇）,经济史与管理史,,6
Journal of European Economic History,期刊,,0391-5115,管理科学 D（2025总汇）,经济史与管理史,,27
Journal of Historical Research in Marketing,期刊,,1755-750X,管理科学 D（2025总汇）,经济史与管理史,,25
Management and Organizational History,期刊,,1744-9367,管理科学 D（2025总汇）,经济史与管理史,,8
Scandinavian Economic History Review,期刊,,0358-5522,管理科学 D（2025总汇）,经济史与管理史,,13
Journal of Product Innovation Management,期刊,,0737-6782,管理科学 A（2025总汇）,科技创新管理,,3
Research Policy,期刊,,0048-7333,管理科学 A（2025总汇）,科技创新管理,,3
Industrial and Corporate Change,期刊,,0960-6491,管理科学 B（2025总汇）,科技创新管理,,20
Journal of Technology Transfer,期刊,,0892-9912,管理科学 B（2025总汇）,科技创新管理,,8
R & D Management,期刊,,0033-6807,管理科学 B（2025总汇）,科技创新管理,,5
"Science, Technology & Human Values",期刊,,0162-2439,管理科学 B（2025总汇）,科技创新管理,,13
Technovation,期刊,,0166-4972,管理科学 B（2025总汇）,科技创新管理,,2
Creativity and Innovation Management,期刊,,0963-1690,管理科学 C（2025总汇）,科技创新管理,,9
Economics of Innovation and New Technology,期刊,,1043-8599,管理科学 C（2025总汇）,科技创新管理,,16
European Journal of Innovation Management,期刊,,1460-1060,管理科学 C（2025总汇）,科技创新管理,,5
Evaluation,期刊,,1356-3890,管理科学 C（2025总汇）,科技创新管理,,22
Futures,期刊,,0016-3287,管理科学 C（2025总汇）,科技创新管理,,12
Industry and Innovation,期刊,,1366-2716,管理科学 C（2025总汇）,科技创新管理,,9
Innovation-Organization & Management,期刊,,1447-9338,管理科学 C（2025总汇）,科技创新管理,,20
International Journal of Technology Management,期刊,,0267-5730,管理科学 C（2025总汇）,科技创新管理,,23
Journal of Engineering and Technology Management,期刊,,0923-4748,管理科学 C（2025总汇）,科技创新管理,,11
Research Evaluation,期刊,,0958-2029,管理科学 C（2025总汇）,科技创新管理,,17
Research Technology Management,期刊,,0895-6308,管理科学 C（2025总汇）,科技创新管理,,14
Science and Public Policy,期刊,,0302-3427,管理科学 C（2025总汇）,科技创新管理,,18
Science Technology and Society,期刊,,0971-7218,管理科学 C（2025总汇）,科技创新管理,,19
Technological Forecasting and Social Change,期刊,,0040-1625,管理科学 C（2025总汇）,科技创新管理,,1
Technology Analysis & Strategic Management,期刊,,0953-7325,管理科学 C（2025总汇）,科技创新管理,,15
Innovation and Development Policy,期刊,,2096-5141,管理科学 D（2025总汇）,科技创新管理,,26
International Journal of Innovation and Technology Management,期刊,,0219-8770,管理科学 D（2025总汇）,科技创新管理,,24
International Journal of Innovation Management,期刊,,1363-9196,管理科学 D（2025总汇）,科技创新管理,,25
International Journal of Innovation Studies,期刊,,2096-2487,管理科学 D（2025总汇）,科技创新管理,,7
Journal of High Technology Management Research,期刊,,1047-8310,管理科学 D（2025总汇）,科技创新管理,,26
Journal of Labor Economics,期刊,,0734-306X,管理科学 A（2025总汇）,劳动与人口经济,,2
Demography,期刊,,0070-3370,管理科学 B（2025总汇）,劳动与人口经济,,4
International Migration Review,期刊,,0197-9183,管理科学 B（2025总汇）,劳动与人口经济,,7
Journal of Human Capital,期刊,,1932-8575,管理科学 B（2025总汇）,劳动与人口经济,,16
Journal of Human Resources,期刊,,0022-166X,管理科学 B（2025总汇）,劳动与人口经济,,1
Journal of Population Economics,期刊,,0933-1433,管理科学 B（2025总汇）,劳动与人口经济,,5
Journal of Population Research,期刊,,1443-2447,管理科学 B（2025总汇）,劳动与人口经济,,15
Labour Economics,期刊,,0927-5371,管理科学 B（2025总汇）,劳动与人口经济,,6
Population and Development Review,期刊,,0098-7921,管理科学 B（2025总汇）,劳动与人口经济,,3
Demographic Research,期刊,,1435-9871,管理科学 C（2025总汇）,劳动与人口经济,,10
Economics & Human Biology,期刊,,1570-677X,管理科学 C（2025总汇）,劳动与人口经济,,12
Feminist Economics,期刊,,1354-5701,管理科学 C（2025总汇）,劳动与人口经济,,10
International Migration,期刊,,0020-7985,管理科学 C（2025总汇）,劳动与人口经济,,9
IZA Journal of Labor Economics,期刊,,2193-8997,管理科学 C（2025总汇）,劳动与人口经济,,17
Population,期刊,,0032-4663,管理科学 C（2025总汇）,劳动与人口经济,,13
Population Research and Policy Review,期刊,,0167-5923,管理科学 C（2025总汇）,劳动与人口经济,,13
Population Studies,期刊,,0032-4728,管理科学 C（2025总汇）,劳动与人口经济,,8
American Economic Journal: Microeconomics,期刊,,1945-7669,管理科学 A（2025总汇）,理论经济与实验经济,,5
Games and Economic Behavior,期刊,,0899-8256,管理科学 A（2025总汇）,理论经济与实验经济,,13
Journal of Economic Theory,期刊,,0022-0531,管理科学 A（2025总汇）,理论经济与实验经济,,11
Theoretical Economics,期刊,,1933-6837,管理科学 A（2025总汇）,理论经济与实验经济,,10
Economic Theory,期刊,,0938-2259,管理科学 B（2025总汇）,理论经济与实验经济,,12
Experimental Economics,期刊,,1386-4157,管理科学 B（2025总汇）,理论经济与实验经济,,6
Journal of Behavioral Decision Making,期刊,,0894-3257,管理科学 B（2025总汇）,理论经济与实验经济,,8
Journal of Economic Behavior & Organization,期刊,,0167-2681,管理科学 B（2025总汇）,理论经济与实验经济,,2
Journal of Mathematical Economics,期刊,,0304-4068,管理科学 B（2025总汇）,理论经济与实验经济,,16
Social Choice and Welfare,期刊,,0176-1714,管理科学 B（2025总汇）,理论经济与实验经济,,15
B.E. Journal of Theoretical Economics,期刊,,1935-1704,管理科学 C（2025总汇）,理论经济与实验经济,,21
Dynamic Games and Applications,期刊,,2153-0785,管理科学 C（2025总汇）,理论经济与实验经济,,7
International Journal of Economic Theory,期刊,,1742-7355,管理科学 C（2025总汇）,理论经济与实验经济,,16
International Journal of Game Theory,期刊,,0020-7276,管理科学 C（2025总汇）,理论经济与实验经济,,24
Journal of Behavioral and Experimental Economics,期刊,,2214-8051,管理科学 C（2025总汇）,理论经济与实验经济,,8
Journal of Economic Psychology,期刊,,0167-4870,管理科学 C（2025总汇）,理论经济与实验经济,,2
Journal of Institutional and Theoretical Economics,期刊,,0932-4569,管理科学 C（2025总汇）,理论经济与实验经济,,25
Mathematical Social Sciences,期刊,,0165-4896,管理科学 C（2025总汇）,理论经济与实验经济,,16
Review of Economic Design,期刊,,1434-4742,管理科学 C（2025总汇）,理论经济与实验经济,,21
Theory and Decision,期刊,,0040-5833,管理科学 C（2025总汇）,理论经济与实验经济,,20
Computational Economics,期刊,,0927-7099,管理科学 D（2025总汇）,理论经济与实验经济,,4
Decisions in Economics and Finance,期刊,,1593-8883,管理科学 D（2025总汇）,理论经济与实验经济,,16
International Game Theory Review,期刊,,0219-1989,管理科学 D（2025总汇）,理论经济与实验经济,,21
Journal of Choice Modelling,期刊,,1755-5345,管理科学 D（2025总汇）,理论经济与实验经济,,1
Journal of Economic Interaction and Coordination,期刊,,1860-711X,管理科学 D（2025总汇）,理论经济与实验经济,,13
Journal of Travel Research,期刊,,0047-2875,管理科学 A（2025总汇）,旅游管理,,11
Tourism Management,期刊,,0261-5177,管理科学 A（2025总汇）,旅游管理,,1
Annals of Tourism Research,期刊,,0160-7383,管理科学 B（2025总汇）,旅游管理,,7
Cornell Hospitality Quarterly,期刊,,1938-9663,管理科学 B（2025总汇）,旅游管理,,24
Current Issues in Tourism,期刊,,1368-3500,管理科学 B（2025总汇）,旅游管理,,18
European Sport Management Quarterly,期刊,,1618-4742,管理科学 B（2025总汇）,旅游管理,,20
International Journal of Contemporary Hospitality Management,期刊,,0959-6119,管理科学 B（2025总汇）,旅游管理,,3
International Journal of Hospitality Management,期刊,,0278-4319,管理科学 B（2025总汇）,旅游管理,,5
Journal of Hospitality & Tourism Research,期刊,,1096-3480,管理科学 B（2025总汇）,旅游管理,,15
Journal of Leisure Research,期刊,,0022-2216,管理科学 B（2025总汇）,旅游管理,,31
Journal of Sustainable Tourism,期刊,,0966-9582,管理科学 B（2025总汇）,旅游管理,,7
Asia Pacific Journal of Tourism Research,期刊,,1094-1665,管理科学 C（2025总汇）,旅游管理,,22
Event Management,期刊,,1525-9951,管理科学 C（2025总汇）,旅游管理,,33
International Journal of Tourism Research,期刊,,1099-2340,管理科学 C（2025总汇）,旅游管理,,14
Journal of Destination Marketing & Management,期刊,,2212-571X,管理科学 C（2025总汇）,旅游管理,,10
Journal of Hospitality and Tourism Management,期刊,,1447-6770,管理科学 C（2025总汇）,旅游管理,,7
Journal of Hospitality Marketing & Management,期刊,,1936-8623,管理科学 C（2025总汇）,旅游管理,,2
Journal of Sport Management,期刊,,0888-4773,管理科学 C（2025总汇）,旅游管理,,21
Journal of Sports Economics,期刊,,1527-0025,管理科学 C（2025总汇）,旅游管理,,33
Journal of Travel & Tourism Marketing,期刊,,1054-8408,管理科学 C（2025总汇）,旅游管理,,3
Journal of Vacation Marketing,期刊,,1356-7667,管理科学 C（2025总汇）,旅游管理,,16
Leisure Sciences,期刊,,0149-0400,管理科学 C（2025总汇）,旅游管理,,31
Leisure Studies,期刊,,0261-4367,管理科学 C（2025总汇）,旅游管理,,28
Sport Management Review,期刊,,1441-3523,管理科学 C（2025总汇）,旅游管理,,19
Tourism Analysis,期刊,,1083-5423,管理科学 C（2025总汇）,旅游管理,,36
Tourism Economics,期刊,,1354-8166,管理科学 C（2025总汇）,旅游管理,,23
Tourism Geographies,期刊,,1461-6688,管理科学 C（2025总汇）,旅游管理,,17
Tourism Management Perspectives,期刊,,2211-9736,管理科学 C（2025总汇）,旅游管理,,12
Tourism Recreation Research,期刊,,0250-8281,管理科学 C（2025总汇）,旅游管理,,26
International Journal of Arts Management,期刊,,1480-8986,管理科学 D（2025总汇）,旅游管理,,37
International Journal of Sports Marketing and Sponsorship,期刊,,1464-6668,管理科学 D（2025总汇）,旅游管理,,25
Journal of China Tourism Research,期刊,,1938-8160,管理科学 D（2025总汇）,旅游管理,,30
Journal of Hospitality and Tourism Technology,期刊,,1757-9880,管理科学 D（2025总汇）,旅游管理,,12
Journal of Quality Assurance in Hospitality & Tourism,期刊,,1528-008X,管理科学 D（2025总汇）,旅游管理,,29
Journal of Tourism and Cultural Change,期刊,,1476-6825,管理科学 D（2025总汇）,旅游管理,,27
Sport Marketing Quarterly,期刊,,1061-6934,管理科学 D（2025总汇）,旅游管理,,35
Tourism Review,期刊,,1660-5373,管理科学 D（2025总汇）,旅游管理,,6
American Journal of Agricultural Economics,期刊,,0002-9092,管理科学 A（2025总汇）,农业经济,,8
Agricultural Economics,期刊,,0169-5150,管理科学 B（2025总汇）,农业经济,,4
European Review of Agricultural Economics,期刊,,0165-1587,管理科学 B（2025总汇）,农业经济,,6
Food Policy,期刊,,0306-9192,管理科学 B（2025总汇）,农业经济,,1
Journal of Agricultural Economics,期刊,,0021-857X,管理科学 B（2025总汇）,农业经济,,3
Applied Economic Perspectives and Policy,期刊,,2040-5790,管理科学 C（2025总汇）,农业经济,,7
Australian Journal of Agricultural and Resource Economics,期刊,,1467-8489,管理科学 C（2025总汇）,农业经济,,9
Canadian Journal of Agricultural Economics,期刊,,0008-3976,管理科学 C（2025总汇）,农业经济,,9
China Agricultural Economic Review,期刊,,1756-137X,管理科学 C（2025总汇）,农业经济,,2
Journal of Agricultural and Resource Economics,期刊,,1068-5502,管理科学 C（2025总汇）,农业经济,,13
Marine Policy,期刊,,0308-597X,管理科学 C（2025总汇）,农业经济,,5
Marine Resource Economics,期刊,,0738-1360,管理科学 C（2025总汇）,农业经济,,12
Agribusiness,期刊,,0742-4477,管理科学 D（2025总汇）,农业经济,,11
Agricultural and Resource Economics Review,期刊,,1068-2805,管理科学 D（2025总汇）,农业经济,,13
Economic Geography,期刊,,0013-0095,管理科学 A（2025总汇）,区域研究与区域经济,,1
Journal of Urban Economics,期刊,,0094-1190,管理科学 A（2025总汇）,区域研究与区域经济,,5
European Urban and Regional Studies,期刊,,0969-7764,管理科学 B（2025总汇）,区域研究与区域经济,,12
Global Networks,期刊,,1470-2266,管理科学 B（2025总汇）,区域研究与区域经济,,14
Journal of Economic Geography,期刊,,1468-2702,管理科学 B（2025总汇）,区域研究与区域经济,,9
Journal of Regional Science,期刊,,0022-4146,管理科学 B（2025总汇）,区域研究与区域经济,,11
Journal of Rural Studies,期刊,,0743-0167,管理科学 B（2025总汇）,区域研究与区域经济,,3
Journal of Urban Affairs,期刊,,0735-2166,管理科学 B（2025总汇）,区域研究与区域经济,,19
Papers in Regional Science,期刊,,1056-8190,管理科学 B（2025总汇）,区域研究与区域经济,,13
Regional Science and Urban Economics,期刊,,0166-0462,管理科学 B（2025总汇）,区域研究与区域经济,,9
Regional Studies,期刊,,0034-3404,管理科学 B（2025总汇）,区域研究与区域经济,,7
Urban Studies,期刊,,0042-0980,管理科学 B（2025总汇）,区域研究与区域经济,,8
Annals of Regional Science,期刊,,0570-1864,管理科学 C（2025总汇）,区域研究与区域经济,,16
Cambridge Journal of Regions Economy and Society,期刊,,1752-1378,管理科学 C（2025总汇）,区域研究与区域经济,,6
Economic Development Quarterly,期刊,,0891-2424,管理科学 C（2025总汇）,区域研究与区域经济,,23
Economic Systems Research,期刊,,0953-5314,管理科学 C（2025总汇）,区域研究与区域经济,,23
Growth and Change,期刊,,0017-4815,管理科学 C（2025总汇）,区域研究与区域经济,,16
International Journal of Urban and Regional Research,期刊,,0309-1317,管理科学 C（2025总汇）,区域研究与区域经济,,19
International Regional Science Review,期刊,,0160-0176,管理科学 C（2025总汇）,区域研究与区域经济,,16
Journal of Evolutionary Economics,期刊,,0936-9937,管理科学 C（2025总汇）,区域研究与区域经济,,21
Journal of Productivity Analysis,期刊,,0895-562X,管理科学 C（2025总汇）,区域研究与区域经济,,21
Progress in Human Geography,期刊,,0309-1325,管理科学 C（2025总汇）,区域研究与区域经济,,2
Spatial Economic Analysis,期刊,,1742-1772,管理科学 C（2025总汇）,区域研究与区域经济,,14
Journal of Urban Management,期刊,,2589-0360,管理科学 D（2025总汇）,区域研究与区域经济,,4
Human Resource Management,期刊,,0090-4848,管理科学 A（2025总汇）,人力资源管理,,2
Human Resource Management Journal,期刊,,0954-5395,管理科学 A（2025总汇）,人力资源管理,,5
Industrial Relations,期刊,,0019-8676,管理科学 A（2025总汇）,人力资源管理,,20
British Journal of Industrial Relations,期刊,,0007-1080,管理科学 B（2025总汇）,人力资源管理,,26
Business Ethics Quarterly,期刊,,1052-150X,管理科学 B（2025总汇）,人力资源管理,,19
Human Communication Research,期刊,,0360-3989,管理科学 B（2025总汇）,人力资源管理,,16
Human Resource Management Review,期刊,,1053-4822,管理科学 B（2025总汇）,人力资源管理,,1
ILR Review,期刊,,0019-7939,管理科学 B（2025总汇）,人力资源管理,,13
Industrial Law Journal,期刊,,0305-9332,管理科学 B（2025总汇）,人力资源管理,,28
Industrial Relations Journal,期刊,,0019-8692,管理科学 B（2025总汇）,人力资源管理,,29
International Journal of Human Resource Management,期刊,,0958-5192,管理科学 B（2025总汇）,人力资源管理,,6
Journal of Business Ethics,期刊,,0167-4544,管理科学 B（2025总汇）,人力资源管理,,4
New Technology Work and Employment,期刊,,0268-1072,管理科学 B（2025总汇）,人力资源管理,,3
Work and Occupations,期刊,,0730-8884,管理科学 B（2025总汇）,人力资源管理,,13
Work Employment and Society,期刊,,0950-0170,管理科学 B（2025总汇）,人力资源管理,,12
Asia Pacific Journal of Human Resources,期刊,,1038-4111,管理科学 C（2025总汇）,人力资源管理,,8
Business Ethics the Environment & Responsibility,期刊,,2694-6424,管理科学 C（2025总汇）,人力资源管理,,9
Economic and Industrial Democracy,期刊,,0143-831X,管理科学 C（2025总汇）,人力资源管理,,25
Employee Relations,期刊,,0142-5455,管理科学 C（2025总汇）,人力资源管理,,17
European Journal of Industrial Relations,期刊,,0959-6801,管理科学 C（2025总汇）,人力资源管理,,27
Human Resource Development International,期刊,,1367-8868,管理科学 C（2025总汇）,人力资源管理,,11
Human Resource Development Review,期刊,,1534-4843,管理科学 C（2025总汇）,人力资源管理,,7
International Journal of Manpower,期刊,,0143-7720,管理科学 C（2025总汇）,人力资源管理,,15
International Journal of Selection and Assessment,期刊,,0965-075X,管理科学 C（2025总汇）,人力资源管理,,24
International Labour Review,期刊,,0020-7780,管理科学 C（2025总汇）,人力资源管理,,20
Journal of Industrial Relations,期刊,,0022-1856,管理科学 C（2025总汇）,人力资源管理,,20
LABOUR: Review of Labour Economics and Industrial Relations,期刊,,1467-9914,管理科学 C（2025总汇）,人力资源管理,,31
Personnel Review,期刊,,0048-3486,管理科学 C（2025总汇）,人力资源管理,,9
Public Personnel Management,期刊,,0091-0260,管理科学 C（2025总汇）,人力资源管理,,20
Relations Industrielles-Industrial Relations,期刊,,0034-379X,管理科学 C（2025总汇）,人力资源管理,,30
Review of Public Personnel Administration,期刊,,0734-371X,管理科学 D（2025总汇）,人力资源管理,,18
Journal of the Association for Information Science and Technology,期刊,,2330-1635,管理科学 A（2025总汇）,图书情报管理,,2
Information Processing & Management,期刊,,0306-4573,管理科学 B（2025总汇）,图书情报管理,,1
Journal of Documentation,期刊,,0022-0418,管理科学 B（2025总汇）,图书情报管理,,11
Journal of Information Science,期刊,,0165-5515,管理科学 B（2025总汇）,图书情报管理,,13
Journal of Informetrics,期刊,,1751-1577,管理科学 B（2025总汇）,图书情报管理,,3
Learned Publishing,期刊,,1741-4857,管理科学 B（2025总汇）,图书情报管理,,7
Library & Information science Research,期刊,,0740-8188,管理科学 B（2025总汇）,图书情报管理,,8
Scientometrics,期刊,,0138-9130,管理科学 B（2025总汇）,图书情报管理,,3
Journal of Academic Librarianship,期刊,,0099-1333,管理科学 C（2025总汇）,图书情报管理,,8
Journal of Scholarly Publishing,期刊,,1198-9742,管理科学 C（2025总汇）,图书情报管理,,16
Library Quarterly,期刊,,0024-2519,管理科学 C（2025总汇）,图书情报管理,,14
Online Information Review,期刊,,1468-4527,管理科学 C（2025总汇）,图书情报管理,,3
Quantitative Science Studies,期刊,,2641-3337,管理科学 C（2025总汇）,图书情报管理,,3
Data and Information Management,期刊,,2543-9251,管理科学 D（2025总汇）,图书情报管理,,17
Electronic Library,期刊,,0264-0473,管理科学 D（2025总汇）,图书情报管理,,14
Journal of Data and Information Science,期刊,,2096-157X,管理科学 D（2025总汇）,图书情报管理,,12
Journal of Librarianship and Information Science,期刊,,0961-0006,管理科学 D（2025总汇）,图书情报管理,,10
Health Economics,期刊,,1057-9230,管理科学 A（2025总汇）,卫生管理与经济,,23
Journal of Health Economics,期刊,,0167-6296,管理科学 A（2025总汇）,卫生管理与经济,,9
American Journal of Health Economics,期刊,,2332-3493,管理科学 B（2025总汇）,卫生管理与经济,,26
American Journal of Public Health,期刊,,0090-0036,管理科学 B（2025总汇）,卫生管理与经济,,1
Health Services Research,期刊,,0017-9124,管理科学 B（2025总汇）,卫生管理与经济,,13
Medical Decision Making,期刊,,0272-989X,管理科学 B（2025总汇）,卫生管理与经济,,25
Social Science & Medicine,期刊,,0277-9536,管理科学 B（2025总汇）,卫生管理与经济,,3
Sociology of Health & Illness,期刊,,0141-9889,管理科学 B（2025总汇）,卫生管理与经济,,20
European Journal of Health Economics,期刊,,1618-7598,管理科学 C（2025总汇）,卫生管理与经济,,16
Health Care Management Review,期刊,,0361-6274,管理科学 C（2025总汇）,卫生管理与经济,,17
Health Care Management Science,期刊,,1386-9620,管理科学 C（2025总汇）,卫生管理与经济,,26
Health Policy,期刊,,0168-8510,管理科学 C（2025总汇）,卫生管理与经济,,10
International Journal of Health Economics and Management,期刊,,2199-9023,管理科学 C（2025总汇）,卫生管理与经济,,28
International Journal of Medical Informatics,期刊,,1386-5056,管理科学 C（2025总汇）,卫生管理与经济,,7
International Journal of Technology Assessment in Health Care,期刊,,0266-4623,管理科学 C（2025总汇）,卫生管理与经济,,14
"Journal of Health Politics, Policy and Law",期刊,,0361-6878,管理科学 C（2025总汇）,卫生管理与经济,,17
Journal of Health Services Research & Policy,期刊,,1355-8196,管理科学 C（2025总汇）,卫生管理与经济,,20
Journal of the American Medical Informatics Association,期刊,,1067-5027,管理科学 C（2025总汇）,卫生管理与经济,,4
Medical Care,期刊,,0025-7079,管理科学 C（2025总汇）,卫生管理与经济,,17
Milbank Quarterly,期刊,,0887-378X,管理科学 C（2025总汇）,卫生管理与经济,,7
Occupational and Environmental Medicine,期刊,,1351-0711,管理科学 C（2025总汇）,卫生管理与经济,,14
PharmacoEconomics,期刊,,1170-7690,管理科学 C（2025总汇）,卫生管理与经济,,4
Quality of Life Research,期刊,,0962-9343,管理科学 C（2025总汇）,卫生管理与经济,,20
"Scandinavian Journal of Work, Environment & Health",期刊,,0355-3140,管理科学 C（2025总汇）,卫生管理与经济,,6
Applied Health Economics and Health Policy,期刊,,1175-5652,管理科学 D（2025总汇）,卫生管理与经济,,11
BMJ Quality & Safety,期刊,,2044-5415,管理科学 D（2025总汇）,卫生管理与经济,,2
Health Economics Policy and Law,期刊,,1744-1331,管理科学 D（2025总汇）,卫生管理与经济,,11
Health Promotion International,期刊,,1460-2245,管理科学 D（2025总汇）,卫生管理与经济,,23
Health Services Management Research,期刊,,0951-4848,管理科学 D（2025总汇）,卫生管理与经济,,29
Journal of Applied Psychology,期刊,,0021-9010,管理科学 A（2025总汇）,心理学,,5
Organizational Behavior and Human Decision Processes,期刊,,0749-5978,管理科学 A（2025总汇）,心理学,,13
Personnel Psychology,期刊,,0031-5826,管理科学 A（2025总汇）,心理学,,4
Psychological Science,期刊,,0956-7976,管理科学 A（2025总汇）,心理学,,9
Annual Review of Psychology,期刊,,0066-4308,管理科学 B（2025总汇）,心理学,,1
Applied Psychology,期刊,,0269-994X,管理科学 B（2025总汇）,心理学,,11
British Journal of Psychology,期刊,,0007-1269,管理科学 B（2025总汇）,心理学,,15
British Journal of Social Psychology,期刊,,0144-6665,管理科学 B（2025总汇）,心理学,,19
Current Directions in Psychological Science,期刊,,0963-7214,管理科学 B（2025总汇）,心理学,,7
European Journal of Social Psychology,期刊,,0046-2772,管理科学 B（2025总汇）,心理学,,26
Journal of Business and Psychology,期刊,,0889-3268,管理科学 B（2025总汇）,心理学,,10
Journal of Experimental Psychology Applied,期刊,,1076-898X,管理科学 B（2025总汇）,心理学,,35
Journal of Experimental Social Psychology,期刊,,0022-1031,管理科学 B（2025总汇）,心理学,,17
Journal of Occupational and Organizational Psychology,期刊,,0963-1798,管理科学 B（2025总汇）,心理学,,14
Journal of Occupational Health Psychology,期刊,,1076-8998,管理科学 B（2025总汇）,心理学,,12
Journal of Personality and Social Psychology,期刊,,0022-3514,管理科学 B（2025总汇）,心理学,,3
Journal of Vocational Behavior,期刊,,0001-8791,管理科学 B（2025总汇）,心理学,,8
Personality and Social Psychology Bulletin,期刊,,0146-1672,管理科学 B（2025总汇）,心理学,,22
Psychological Bulletin,期刊,,0033-2909,管理科学 B（2025总汇）,心理学,,2
Psychology of Women Quarterly,期刊,,0361-6843,管理科学 B（2025总汇）,心理学,,19
Work and Stress,期刊,,0267-8373,管理科学 B（2025总汇）,心理学,,6
Acta Psychologica,期刊,,0001-6918,管理科学 C（2025总汇）,心理学,,26
Cognitive Psychology,期刊,,0010-0285,管理科学 C（2025总汇）,心理学,,19
Ergonomics,期刊,,0014-0139,管理科学 C（2025总汇）,心理学,,31
Group Dynamics-Theory research and practice,期刊,,1089-2699,管理科学 C（2025总汇）,心理学,,33
Human Performance,期刊,,0895-9285,管理科学 C（2025总汇）,心理学,,33
International Journal of Intercultural Relations,期刊,,0147-1767,管理科学 C（2025总汇）,心理学,,23
Journal of Career Assessment,期刊,,1069-0727,管理科学 C（2025总汇）,心理学,,23
Journal of Cross-Cultural Psychology,期刊,,0022-0221,管理科学 C（2025总汇）,心理学,,23
Journal of Managerial Psychology,期刊,,0268-3946,管理科学 C（2025总汇）,心理学,,26
Personality and Individual Differences,期刊,,0191-8869,管理科学 C（2025总汇）,心理学,,30
Psychological Research,期刊,,0340-0727,管理科学 C（2025总汇）,心理学,,32
Psychometrika,期刊,,0033-3123,管理科学 C（2025总汇）,心理学,,17
Quarterly Journal of Experimental Psychology,期刊,,1747-0218,管理科学 C（2025总汇）,心理学,,38
Small Group Research,期刊,,1046-4964,管理科学 C（2025总汇）,心理学,,36
Stress and Health,期刊,,1532-3005,管理科学 C（2025总汇）,心理学,,26
American Behavioral Scientist,期刊,,0002-7642,管理科学 D（2025总汇）,心理学,,37
Journal of Happiness Studies,期刊,,1389-4978,管理科学 D（2025总汇）,心理学,,15
Information Systems Research,期刊,,1047-7047,管理科学 A（2025总汇）,信息管理,,34
Journal of Management Information Systems,期刊,,0742-1222,管理科学 A（2025总汇）,信息管理,,26
Journal of the Association for Information Systems,期刊,,1536-9323,管理科学 A（2025总汇）,信息管理,,31
MIS Quarterly,期刊,,0276-7783,管理科学 A（2025总汇）,信息管理,,27
ACM Transactions on Computer-Human Interaction,期刊,,1073-0516,管理科学 B（2025总汇）,信息管理,,21
ACM Transactions on Information Systems,期刊,,1046-8188,管理科学 B（2025总汇）,信息管理,,9
ACM Transactions on Knowledge Discovery from Data,期刊,,1556-4681,管理科学 B（2025总汇）,信息管理,,36
ACM Transactions on Management Information Systems,期刊,,2158-656X,管理科学 B（2025总汇）,信息管理,,50
Communications of the ACM,期刊,,0001-0782,管理科学 B（2025总汇）,信息管理,,4
Computers in Human Behavior,期刊,,0747-5632,管理科学 B（2025总汇）,信息管理,,11
Data & Knowledge Engineering,期刊,,0169-023X,管理科学 B（2025总汇）,信息管理,,60
Data Base for Advances in Information Systems,期刊,,1532-0936,管理科学 B（2025总汇）,信息管理,,69
Decision Support Systems,期刊,,0167-9236,管理科学 B（2025总汇）,信息管理,,17
European Journal of Information Systems,期刊,,0960-085X,管理科学 B（2025总汇）,信息管理,,12
IEEE Transactions on Knowledge and Data Engineering,期刊,,1041-4347,管理科学 B（2025总汇）,信息管理,,6
IEEE Transactions on Software Engineering,期刊,,0098-5589,管理科学 B（2025总汇）,信息管理,,29
Information & Management,期刊,,0378-7206,管理科学 B（2025总汇）,信息管理,,14
Information and Organization,期刊,,1471-7727,管理科学 B（2025总汇）,信息管理,,37
Information and Software Technology,期刊,,0950-5849,管理科学 B（2025总汇）,信息管理,,41
Information Sciences,期刊,,0020-0255,管理科学 B（2025总汇）,信息管理,,17
Information Society,期刊,,0197-2243,管理科学 B（2025总汇）,信息管理,,57
Information Systems Frontiers,期刊,,1387-3326,管理科学 B（2025总汇）,信息管理,,13
Information Systems Journal,期刊,,1350-1917,管理科学 B（2025总汇）,信息管理,,24
Information Technology & People,期刊,,0959-3845,管理科学 B（2025总汇）,信息管理,,29
International Journal of Electronic Commerce,期刊,,1086-4415,管理科学 B（2025总汇）,信息管理,,48
International Journal of Information Management,期刊,,0268-4012,管理科学 B（2025总汇）,信息管理,,2
Internet Research,期刊,,1066-2243,管理科学 B（2025总汇）,信息管理,,17
Journal of Information Technology,期刊,,0268-3962,管理科学 B（2025总汇）,信息管理,,32
Journal of Knowledge Management,期刊,,1367-3270,管理科学 B（2025总汇）,信息管理,,8
Journal of Strategic Information Systems,期刊,,0963-8687,管理科学 B（2025总汇）,信息管理,,5
MIS Quarterly Executive,期刊,,1540-1960,管理科学 B（2025总汇）,信息管理,,58
ACM Computing Surveys,期刊,,0360-0300,管理科学 C（2025总汇）,信息管理,,1
AIS Transactions on Human Computer Interaction,期刊,,1944-3900,管理科学 C（2025总汇）,信息管理,,72
Behaviour & Information Technology,期刊,,0144-929X,管理科学 C（2025总汇）,信息管理,,56
Business & Information Systems Engineering,期刊,,1867-0202,管理科学 C（2025总汇）,信息管理,,6
Communications of the Association for Information Systems,期刊,,1529-3181,管理科学 C（2025总汇）,信息管理,,64
Computer Supported Cooperative Work,期刊,,0925-9724,管理科学 C（2025总汇）,信息管理,,62
Computers & Security,期刊,,0167-4048,管理科学 C（2025总汇）,信息管理,,32
Computers in Industry,期刊,,0166-3615,管理科学 C（2025总汇）,信息管理,,9
Electronic Commerce Research,期刊,,1389-5753,管理科学 C（2025总汇）,信息管理,,37
Electronic Commerce Research and Applications,期刊,,1567-4223,管理科学 C（2025总汇）,信息管理,,24
Electronic Markets,期刊,,1019-6781,管理科学 C（2025总汇）,信息管理,,17
Enterprise Information Systems,期刊,,1751-7575,管理科学 C（2025总汇）,信息管理,,45
Expert Systems,期刊,,0266-4720,管理科学 C（2025总汇）,信息管理,,62
Expert Systems with Applications,期刊,,0957-4174,管理科学 C（2025总汇）,信息管理,,16
Human-Computer Interaction,期刊,,0737-0024,管理科学 C（2025总汇）,信息管理,,40
Industrial Management & Data Systems,期刊,,0263-5577,管理科学 C（2025总汇）,信息管理,,37
Information Communication and Society,期刊,,1369-118X,管理科学 C（2025总汇）,信息管理,,55
Information Systems,期刊,,0306-4379,管理科学 C（2025总汇）,信息管理,,52
Information Systems and e-Business Management,期刊,,1617-9846,管理科学 C（2025总汇）,信息管理,,50
Information Systems Management,期刊,,1058-0530,管理科学 C（2025总汇）,信息管理,,45
Information Technology and Management,期刊,,1385-951X,管理科学 C（2025总汇）,信息管理,,58
Information Technology for Development,期刊,,0268-1102,管理科学 C（2025总汇）,信息管理,,22
International Journal of Human-Computer Studies,期刊,,1071-5819,管理科学 C（2025总汇）,信息管理,,34
Journal of Compute-Mediated Communication,期刊,,1083-6101,管理科学 C（2025总汇）,信息管理,,28
Journal of Computer Information Systems,期刊,,0887-4417,管理科学 C（2025总汇）,信息管理,,43
Journal of Electronic Commerce Research,期刊,,1938-9027,管理科学 C（2025总汇）,信息管理,,52
Journal of Enterprise Information Management,期刊,,1741-0398,管理科学 C（2025总汇）,信息管理,,22
Journal of Global Information Management,期刊,,1062-7375,管理科学 C（2025总汇）,信息管理,,45
Journal of Information Technology Theory and Application,期刊,,1532-4516,管理科学 C（2025总汇）,信息管理,,72
Journal of Manufacturing Systems,期刊,,0278-6125,管理科学 C（2025总汇）,信息管理,,3
Journal of Organizational Computing and Electronic Commerce,期刊,,1091-9392,管理科学 C（2025总汇）,信息管理,,66
Journal of Systems and Software,期刊,,0164-1212,管理科学 C（2025总汇）,信息管理,,44
Journal of the ACM,期刊,,0004-5411,管理科学 C（2025总汇）,信息管理,,61
Knowledge Management Research & Practice,期刊,,1477-8238,管理科学 C（2025总汇）,信息管理,,48
Knowledge-Based Systems,期刊,,0950-7051,管理科学 C（2025总汇）,信息管理,,15
Scandinavian Journal of Information Systems,期刊,,0905-0167,管理科学 C（2025总汇）,信息管理,,72
Annals of Data Science,期刊,,2198-5804,管理科学 D（2025总汇）,信息管理,,72
Australasian Journal of Information Systems,期刊,,1449-8618,管理科学 D（2025总汇）,信息管理,,67
Data Science and Management,期刊,,2096-739X,管理科学 D（2025总汇）,信息管理,,72
e-Service Journal,期刊,,1528-8226,管理科学 D（2025总汇）,信息管理,,72
Information Resources Management Journal,期刊,,1040-1628,管理科学 D（2025总汇）,信息管理,,71
International Journal of Knowledge Management,期刊,,1548-0666,管理科学 D（2025总汇）,信息管理,,65
International Journal of Knowledge Management Studies,期刊,,1743-8268,管理科学 D（2025总汇）,信息管理,,67
Journal of Decision Systems,期刊,,1246-0125,管理科学 D（2025总汇）,信息管理,,41
Journal of Electronic Commerce in Organizations,期刊,,1539-2937,管理科学 D（2025总汇）,信息管理,,70
Journal of Organizational and End User Computing,期刊,,1546-2234,管理科学 D（2025总汇）,信息管理,,52
Academy of Management Journal,期刊,,0001-4273,管理科学 A（2025总汇）,一般管理,,5
Academy of Management Review,期刊,,0363-7425,管理科学 A（2025总汇）,一般管理,,2
Administrative Science Quarterly,期刊,,0001-8392,管理科学 A（2025总汇）,一般管理,,15
Journal of Management,期刊,,0149-2063,管理科学 A（2025总汇）,一般管理,,9
Journal of Management Studies,期刊,,0022-2380,管理科学 A（2025总汇）,一般管理,,16
Management Science,期刊,,0025-1909,管理科学 A（2025总汇）,一般管理,,22
Academy of Management Annals,期刊,,1941-6520,管理科学 B（2025总汇）,一般管理,,1
Academy of Management Discoveries,期刊,,2168-1007,管理科学 B（2025总汇）,一般管理,,23
Academy of Management Perspectives,期刊,,1558-9080,管理科学 B（2025总汇）,一般管理,,19
British Journal of Management,期刊,,1045-3172,管理科学 B（2025总汇）,一般管理,,19
Business & Society,期刊,,0007-6503,管理科学 B（2025总汇）,一般管理,,18
Business Strategy and the Environment,期刊,,0964-4733,管理科学 B（2025总汇）,一般管理,,3
California Management Review,期刊,,0008-1256,管理科学 B（2025总汇）,一般管理,,11
Fundamental Research,期刊,,2667-3258,管理科学 B（2025总汇）,一般管理,,17
Gender & Society,期刊,,0891-2432,管理科学 B（2025总汇）,一般管理,,30
Harvard Business Review,期刊,,0017-8012,管理科学 B（2025总汇）,一般管理,,10
International Journal of Management Reviews,期刊,,1460-8545,管理科学 B（2025总汇）,一般管理,,4
Journal of Business Research,期刊,,0148-2963,管理科学 B（2025总汇）,一般管理,,6
Journal of Management Inquiry,期刊,,1056-4926,管理科学 B（2025总汇）,一般管理,,27
MIT Sloan Management Review,期刊,,1532-9194,管理科学 B（2025总汇）,一般管理,,25
Australian Journal of Management,期刊,,0312-8962,管理科学 C（2025总汇）,一般管理,,36
BRQ Business Research Quarterly,期刊,,2340-9444,管理科学 C（2025总汇）,一般管理,,30
Business Horizons,期刊,,0007-6813,管理科学 C（2025总汇）,一般管理,,13
Canadian Journal of Administrative Sciences,期刊,,0825-0383,管理科学 C（2025总汇）,一般管理,,39
Corporate Social Responsibility and Environmental Management,期刊,,1535-3958,管理科学 C（2025总汇）,一般管理,,8
European Business Review,期刊,,0955-534X,管理科学 C（2025总汇）,一般管理,,28
European Management Journal,期刊,,0263-2373,管理科学 C（2025总汇）,一般管理,,11
European Management Review,期刊,,1740-4754,管理科学 C（2025总汇）,一般管理,,33
International Studies of Management & Organization,期刊,,0020-8825,管理科学 C（2025总汇）,一般管理,,36
Journal of Business Law,期刊,,0021-9460,管理科学 C（2025总汇）,一般管理,,40
Journal of General Management,期刊,,0306-3070,管理科学 C（2025总汇）,一般管理,,38
Journal of Intellectual Capital,期刊,,1469-1930,管理科学 C（2025总汇）,一般管理,,14
Management Decision,期刊,,0025-1747,管理科学 C（2025总汇）,一般管理,,21
Review of Managerial Science,期刊,,1863-6683,管理科学 C（2025总汇）,一般管理,,7
Scandinavian Journal of Management,期刊,,0956-5221,管理科学 C（2025总汇）,一般管理,,34
Schmalenbach Journal of Business Research,期刊,,2366-6153,管理科学 C（2025总汇）,一般管理,,40
Sex Roles,期刊,,0360-0025,管理科学 C（2025总汇）,一般管理,,30
Society and Business Review,期刊,,1746-5680,管理科学 C（2025总汇）,一般管理,,24
Baltic Journal of Management,期刊,,1746-5265,管理科学 D（2025总汇）,一般管理,,34
European Business Journal,期刊,,0955-808X,管理科学 D（2025总汇）,一般管理,,40
Journal of Corporate Citizenship,期刊,,1470-5001,管理科学 D（2025总汇）,一般管理,,40
Journal of Management and Governance,期刊,,1385-3457,管理科学 D（2025总汇）,一般管理,,25
Management Research Review,期刊,,2040-8277,管理科学 D（2025总汇）,一般管理,,29
American Economic Review,期刊,,0002-8282,管理科学 A（2025总汇）,一般经济,,2
Econometrica,期刊,,0012-9682,管理科学 A（2025总汇）,一般经济,,5
Economic Journal,期刊,,0013-0133,管理科学 A（2025总汇）,一般经济,,10
International Economic Review,期刊,,0020-6598,管理科学 A（2025总汇）,一般经济,,35
Journal of Economic Perspectives,期刊,,0895-3309,管理科学 A（2025总汇）,一般经济,,4
Journal of Political Economy,期刊,,0022-3808,管理科学 A（2025总汇）,一般经济,,9
Journal of the European Economic Association,期刊,,1542-4766,管理科学 A（2025总汇）,一般经济,,11
Quarterly Journal of Economics,期刊,,0033-5533,管理科学 A（2025总汇）,一般经济,,1
Review of Economic Studies,期刊,,0034-6527,管理科学 A（2025总汇）,一般经济,,8
Review of Economics and Statistics,期刊,,0034-6535,管理科学 A（2025总汇）,一般经济,,6
American Economic Review Insights,期刊,,2640-205X,管理科学 B（2025总汇）,一般经济,,7
Cambridge Journal of Economics,期刊,,0309-166X,管理科学 B（2025总汇）,一般经济,,19
Canadian Journal of Economics,期刊,,0008-4085,管理科学 B（2025总汇）,一般经济,,43
Economic Inquiry,期刊,,0095-2583,管理科学 B（2025总汇）,一般经济,,35
Economica,期刊,,0013-0427,管理科学 B（2025总汇）,一般经济,,26
Economics Letters,期刊,,0165-1765,管理科学 B（2025总汇）,一般经济,,23
European Economic Review,期刊,,0014-2921,管理科学 B（2025总汇）,一般经济,,14
Journal of Law & Economics,期刊,,0022-2186,管理科学 B（2025总汇）,一般经济,,29
"Journal of Law, Economics & Organization",期刊,,8756-6222,管理科学 B（2025总汇）,一般经济,,35
Kyklos,期刊,,0023-5962,管理科学 B（2025总汇）,一般经济,,35
Oxford Economic Papers,期刊,,0030-7653,管理科学 B（2025总汇）,一般经济,,43
Quantitative Economics,期刊,,1759-7323,管理科学 B（2025总汇）,一般经济,,17
American Law and Economics Review,期刊,,1465-7252,管理科学 C（2025总汇）,一般经济,,51
Annals of Economics and Statistics,期刊,,0769-489X,管理科学 C（2025总汇）,一般经济,,60
Annual Review of Economics,期刊,,1941-1383,管理科学 C（2025总汇）,一般经济,,3
Contemporary Economic Policy,期刊,,1074-3529,管理科学 C（2025总汇）,一般经济,,21
Defence and Peace Economics,期刊,,1024-2694,管理科学 C（2025总汇）,一般经济,,26
Economic Record,期刊,,0013-0249,管理科学 C（2025总汇）,一般经济,,41
Economics and Philosophy,期刊,,0266-2671,管理科学 C（2025总汇）,一般经济,,29
European Journal of Political Economy,期刊,,0176-2680,管理科学 C（2025总汇）,一般经济,,14
German Economic Review,期刊,,1465-6485,管理科学 C（2025总汇）,一般经济,,32
International Review of Law and Economics,期刊,,0144-8188,管理科学 C（2025总汇）,一般经济,,47
Journal of Business Economics,期刊,,1861-8928,管理科学 C（2025总汇）,一般经济,,60
Journal of Cultural Economics,期刊,,0885-2545,管理科学 C（2025总汇）,一般经济,,20
Journal of Economic Issues,期刊,,0021-3624,管理科学 C（2025总汇）,一般经济,,51
Journal of Economics,期刊,,0931-8658,管理科学 C（2025总汇）,一般经济,,25
Journal of Institutional Economics,期刊,,1744-1374,管理科学 C（2025总汇）,一般经济,,13
Journal of Pension Economics & Finance,期刊,,1474-7472,管理科学 C（2025总汇）,一般经济,,49
Journal of Public Economic Theory,期刊,,1097-3923,管理科学 C（2025总汇）,一般经济,,49
Oxford Review of Economic Policy,期刊,,0266-903X,管理科学 C（2025总汇）,一般经济,,23
Public Choice,期刊,,0048-5829,管理科学 C（2025总汇）,一般经济,,17
Review of Political Economy,期刊,,0953-8259,管理科学 C（2025总汇）,一般经济,,29
Scandinavian Journal of Economics,期刊,,0347-0520,管理科学 C（2025总汇）,一般经济,,26
Southern Economic Journal,期刊,,0038-4038,管理科学 C（2025总汇）,一般经济,,32
Australian Economic Review,期刊,,0004-9018,管理科学 D（2025总汇）,一般经济,,47
Australian Tax Forum,期刊,,0812-695X,管理科学 D（2025总汇）,一般经济,,60
Canadian Tax Journal,期刊,,0008-5111,管理科学 D（2025总汇）,一般经济,,60
China Economic Quarterly International,期刊,,2666-9331,管理科学 D（2025总汇）,一般经济,,12
De Economist,期刊,,0013-063X,管理科学 D（2025总汇）,一般经济,,16
Eastern Economic Journal,期刊,,0094-5056,管理科学 D（2025总汇）,一般经济,,54
Economics of Governance,期刊,,1435-6104,管理科学 D（2025总汇）,一般经济,,51
European Journal of Economics and Economic Policies: Intervention,期刊,,2052-7764,管理科学 D（2025总汇）,一般经济,,32
European Journal of Law and Economics,期刊,,0929-1261,管理科学 D（2025总汇）,一般经济,,43
International Journal of Management Practice,期刊,,1477-9064,管理科学 D（2025总汇）,一般经济,,60
International Journal of Political Economy,期刊,,0891-1916,管理科学 D（2025总汇）,一般经济,,35
International Studies of Economics,期刊,,2831-3224,管理科学 D（2025总汇）,一般经济,,54
Japanese Economic Review,期刊,,1352-4739,管理科学 D（2025总汇）,一般经济,,54
Journal of Competition Law & Economics,期刊,,1744-6414,管理科学 D（2025总汇）,一般经济,,41
Journal of Media Economics,期刊,,0899-7764,管理科学 D（2025总汇）,一般经济,,21
Research in Economics,期刊,,1090-9443,管理科学 D（2025总汇）,一般经济,,35
Review of Austrian Economics,期刊,,0889-3047,管理科学 D（2025总汇）,一般经济,,58
Review of Law & Economics,期刊,,1555-5879,管理科学 D（2025总汇）,一般经济,,58
Review of Radical Political Economics,期刊,,0486-6134,管理科学 D（2025总汇）,一般经济,,43
SERIEs: Journal of the Spanish Economic Association,期刊,,1869-4187,管理科学 D（2025总汇）,一般经济,,54
Journal of Consumer Research,期刊,,0093-5301,管理科学 A（2025总汇）,营销,,15
Journal of Marketing,期刊,,0022-2429,管理科学 A（2025总汇）,营销,,2
Journal of Marketing Research,期刊,,0022-2437,管理科学 A（2025总汇）,营销,,26
Marketing Science,期刊,,0732-2399,管理科学 A（2025总汇）,营销,,27
European Journal of Marketing,期刊,,0309-0566,管理科学 B（2025总汇）,营销,,25
Industrial Marketing Management,期刊,,0019-8501,管理科学 B（2025总汇）,营销,,10
International Journal of Research in Marketing,期刊,,0167-8116,管理科学 B（2025总汇）,营销,,10
International Marketing Review,期刊,,0265-1335,管理科学 B（2025总汇）,营销,,29
Journal of Advertising,期刊,,0091-3367,管理科学 B（2025总汇）,营销,,13
Journal of Advertising Research,期刊,,0021-8499,管理科学 B（2025总汇）,营销,,50
Journal of Consumer Psychology,期刊,,1057-7408,管理科学 B（2025总汇）,营销,,16
Journal of Interactive Marketing,期刊,,1094-9968,管理科学 B（2025总汇）,营销,,8
Journal of International Marketing,期刊,,1069-031X,管理科学 B（2025总汇）,营销,,36
Journal of Public Policy & Marketing,期刊,,0743-9156,管理科学 B（2025总汇）,营销,,28
Journal of Retailing,期刊,,0022-4359,管理科学 B（2025总汇）,营销,,3
Journal of Service Research,期刊,,1094-6705,管理科学 B（2025总汇）,营销,,6
Journal of the Academy of Marketing Science,期刊,,0092-0703,管理科学 B（2025总汇）,营销,,4
Marketing Letters,期刊,,0923-0645,管理科学 B（2025总汇）,营销,,47
Marketing Theory,期刊,,1470-5931,管理科学 B（2025总汇）,营销,,46
Psychology & Marketing,期刊,,0742-6046,管理科学 B（2025总汇）,营销,,5
Quantitative Marketing and Economics,期刊,,1570-7156,管理科学 B（2025总汇）,营销,,58
Advances in Consumer Research,期刊,,0098-9258,管理科学 C（2025总汇）,营销,,60
Business Process Management Journal,期刊,,1463-7154,管理科学 C（2025总汇）,营销,,18
Consumption Markets & Culture,期刊,,1025-3866,管理科学 C（2025总汇）,营销,,51
International Journal of Advertising,期刊,,0265-0487,管理科学 C（2025总汇）,营销,,17
International Journal of Consumer Studies,期刊,,1470-6423,管理科学 C（2025总汇）,营销,,9
International Journal of Market Research,期刊,,1470-7853,管理科学 C（2025总汇）,营销,,57
International Journal of Retail & Distribution Management,期刊,,0959-0552,管理科学 C（2025总汇）,营销,,20
Journal of Brand Management,期刊,,1350-231X,管理科学 C（2025总汇）,营销,,37
Journal of Business & Industrial Marketing,期刊,,0885-8624,管理科学 C（2025总汇）,营销,,33
Journal of Business-to-Business Marketing,期刊,,1051-712X,管理科学 C（2025总汇）,营销,,47
Journal of Communication,期刊,,0021-9916,管理科学 C（2025总汇）,营销,,20
Journal of Consumer Affairs,期刊,,0022-0078,管理科学 C（2025总汇）,营销,,42
Journal of Consumer Behaviour,期刊,,1472-0817,管理科学 C（2025总汇）,营销,,24
Journal of Consumer Marketing,期刊,,0736-3761,管理科学 C（2025总汇）,营销,,41
Journal of Global Marketing,期刊,,0891-1762,管理科学 C（2025总汇）,营销,,33
Journal of Macromarketing,期刊,,0276-1467,管理科学 C（2025总汇）,营销,,51
Journal of Marketing Management,期刊,,0267-257X,管理科学 C（2025总汇）,营销,,44
Journal of Marketing Theory and Practice,期刊,,1069-6679,管理科学 C（2025总汇）,营销,,23
Journal of Personal Selling and Sales Management,期刊,,0885-3134,管理科学 C（2025总汇）,营销,,40
Journal of Retailing and Consumer Services,期刊,,0969-6989,管理科学 C（2025总汇）,营销,,1
Journal of Service Management,期刊,,1757-5818,管理科学 C（2025总汇）,营销,,7
Journal of Service Theory and Practice,期刊,,2055-6225,管理科学 C（2025总汇）,营销,,32
Journal of Services Marketing,期刊,,0887-6045,管理科学 C（2025总汇）,营销,,31
Journal of Strategic Marketing,期刊,,0965-254X,管理科学 C（2025总汇）,营销,,43
Service Industries Journal,期刊,,0264-2069,管理科学 C（2025总汇）,营销,,12
Advances in International Marketing,期刊,,1474-7979,管理科学 D（2025总汇）,营销,,60
Australasian Marketing Journal,期刊,,1441-3582,管理科学 D（2025总汇）,营销,,39
Corporate Reputation Review,期刊,,1363-3589,管理科学 D（2025总汇）,营销,,55
International Journal of Bank Marketing,期刊,,0265-2323,管理科学 D（2025总汇）,营销,,14
International Journal of Internet Marketing and Advertising,期刊,,1477-5212,管理科学 D（2025总汇）,营销,,54
"International Review of Retail, Distribution and Consumer Research",期刊,,0959-3969,管理科学 D（2025总汇）,营销,,44
International Review on Public and Nonprofit Marketing,期刊,,1865-1984,管理科学 D（2025总汇）,营销,,53
Journal of Consumer Policy,期刊,,0168-7034,管理科学 D（2025总汇）,营销,,55
Journal of Customer Behaviour,期刊,,1475-3928,管理科学 D（2025总汇）,营销,,60
Journal of Financial Services Marketing,期刊,,1363-0539,管理科学 D（2025总汇）,营销,,33
Journal of Inter-Organizational Relationships,期刊,,2694-3980,管理科学 D（2025总汇）,营销,,59
Journal of Marketing Communications,期刊,,1352-7266,管理科学 D（2025总汇）,营销,,29
Journal of Product and Brand Management,期刊,,1061-0421,管理科学 D（2025总汇）,营销,,19
Journal of Relationship Marketing,期刊,,1533-2667,管理科学 D（2025总汇）,营销,,60
Marketing Intelligence and Planning,期刊,,0263-4503,管理科学 D（2025总汇）,营销,,22
Qualitative Market Research,期刊,,1352-2752,管理科学 D（2025总汇）,营销,,47
Review of Marketing Science,期刊,,1546-5616,管理科学 D（2025总汇）,营销,,60
Service Business,期刊,,1862-8516,管理科学 D（2025总汇）,营销,,37
INFORMS Journal on Computing,期刊,,1091-9856,管理科学 A（2025总汇）,运筹与管理,,30
Mathematical Programming,期刊,,0025-5610,管理科学 A（2025总汇）,运筹与管理,,23
Mathematics of Operations Research,期刊,,0364-765X,管理科学 A（2025总汇）,运筹与管理,,35
Operations Research,期刊,,0030-364X,管理科学 A（2025总汇）,运筹与管理,,20
ACM Transactions on Modeling and Computer Simulation,期刊,,1049-3301,管理科学 B（2025总汇）,运筹与管理,,35
Annals of Operations Research,期刊,,0254-5330,管理科学 B（2025总汇）,运筹与管理,,8
Computers & Industrial Engineering,期刊,,0360-8352,管理科学 B（2025总汇）,运筹与管理,,7
Computers & Operations Research,期刊,,0305-0548,管理科学 B（2025总汇）,运筹与管理,,11
Decision Analysis,期刊,,1545-8490,管理科学 B（2025总汇）,运筹与管理,,47
Decision Sciences,期刊,,0011-7315,管理科学 B（2025总汇）,运筹与管理,,23
Group Decision and Negotiation,期刊,,0926-2644,管理科学 B（2025总汇）,运筹与管理,,23
IEEE Transactions on Cybernetics,期刊,,2168-2267,管理科学 B（2025总汇）,运筹与管理,,2
IEEE Transactions on Evolutionary Computation,期刊,,1089-778X,管理科学 B（2025总汇）,运筹与管理,,1
"IEEE Transactions on Systems, Man and Cybernetics: Systems",期刊,,2168-2216,管理科学 B（2025总汇）,运筹与管理,,3
INFORMS Journal on Applied Analytics,期刊,,2644-0865,管理科学 B（2025总汇）,运筹与管理,,39
INFORMS Journal on Optimization,期刊,,2575-1484,管理科学 B（2025总汇）,运筹与管理,,57
International Journal of Forecasting,期刊,,0169-2070,管理科学 B（2025总汇）,运筹与管理,,6
International Journal of Information Technology & Decision Making,期刊,,0219-6220,管理科学 B（2025总汇）,运筹与管理,,39
Journal of Global Optimization,期刊,,0925-5001,管理科学 B（2025总汇）,运筹与管理,,44
Journal of Heuristics,期刊,,1381-1231,管理科学 B（2025总汇）,运筹与管理,,50
Journal of Management Science and Engineering,期刊,,2096-2320,管理科学 B（2025总汇）,运筹与管理,,12
Journal of Optimization Theory and Applications,期刊,,0022-3239,管理科学 B（2025总汇）,运筹与管理,,47
Journal of Scheduling,期刊,,1094-6136,管理科学 B（2025总汇）,运筹与管理,,39
Journal of the Operational Research Society,期刊,,0160-5682,管理科学 B（2025总汇）,运筹与管理,,18
Judgment and Decision Making,期刊,,1930-2975,管理科学 B（2025总汇）,运筹与管理,,35
Naval Research Logistics,期刊,,0894-069X,管理科学 B（2025总汇）,运筹与管理,,30
Omega,期刊,,0305-0483,管理科学 B（2025总汇）,运筹与管理,,5
Operations Research Letters,期刊,,0167-6377,管理科学 B（2025总汇）,运筹与管理,,56
OR Spectrum,期刊,,0171-6468,管理科学 B（2025总汇）,运筹与管理,,35
SIAM Journal on Computing,期刊,,0097-5397,管理科学 B（2025总汇）,运筹与管理,,45
SIAM Journal on Optimization,期刊,,1052-6234,管理科学 B（2025总汇）,运筹与管理,,28
4OR,期刊,,1619-4500,管理科学 C（2025总汇）,运筹与管理,,20
Asia-Pacific Journal of Operational Research,期刊,,0217-5959,管理科学 C（2025总汇）,运筹与管理,,54
Computational Optimization and Applications,期刊,,0926-6003,管理科学 C（2025总汇）,运筹与管理,,33
Decision,期刊,,0304-0941,管理科学 C（2025总汇）,运筹与管理,,54
Evolutionary Computation,期刊,,1063-6560,管理科学 C（2025总汇）,运筹与管理,,13
Flexible Services and Manufacturing Journal,期刊,,1936-6582,管理科学 C（2025总汇）,运筹与管理,,14
Fuzzy Optimization and Decision Making,期刊,,1568-4539,管理科学 C（2025总汇）,运筹与管理,,4
Grey Systems:Theory and Application,期刊,,2043-9377,管理科学 C（2025总汇）,运筹与管理,,10
International Journal of General Systems,期刊,,0308-1079,管理科学 C（2025总汇）,运筹与管理,,15
International Journal of Management Science and Engineering Management,期刊,,1750-9653,管理科学 C（2025总汇）,运筹与管理,,20
International Transactions in Operational Research,期刊,,0969-6016,管理科学 C（2025总汇）,运筹与管理,,15
Journal of Forecasting,期刊,,0277-6693,管理科学 C（2025总汇）,运筹与管理,,18
Journal of Grey System,期刊,,0957-3720,管理科学 C（2025总汇）,运筹与管理,,47
Journal of Management Analytics,期刊,,2327-0012,管理科学 C（2025总汇）,运筹与管理,,8
Journal of Systems Engineering and Electronics,期刊,,1004-4132,管理科学 C（2025总汇）,运筹与管理,,30
Journal of Systems Science and Complexity,期刊,,1009-6124,管理科学 C（2025总汇）,运筹与管理,,17
Journal of Systems Science and Systems Engineering,期刊,,1004-3756,管理科学 C（2025总汇）,运筹与管理,,33
Journal of the Operations Research Society of China,期刊,,2194-668X,管理科学 C（2025总汇）,运筹与管理,,53
Mathematical Methods of Operations Research,期刊,,1432-2994,管理科学 C（2025总汇）,运筹与管理,,52
Stochastic Systems,期刊,,1946-5238,管理科学 C（2025总汇）,运筹与管理,,57
System Dynamics Review,期刊,,0883-7066,管理科学 C（2025总汇）,运筹与管理,,23
Systems Research and Behavioral Science,期刊,,1092-7026,管理科学 C（2025总汇）,运筹与管理,,39
Central European Journal of Operations Research,期刊,,1435-246X,管理科学 D（2025总汇）,运筹与管理,,28
Computational Management Science,期刊,,1619-697X,管理科学 D（2025总汇）,运筹与管理,,51
INFOR,期刊,,0315-5986,管理科学 D（2025总汇）,运筹与管理,,45
International Journal of Operations and Quantitative Management,期刊,,1082-1910,管理科学 D（2025总汇）,运筹与管理,,57
"Journal of Data, Information and Management",期刊,,2524-6356,管理科学 D（2025总汇）,运筹与管理,,57
Journal of Multi-Criteria Decision Analysis,期刊,,1057-9214,管理科学 D（2025总汇）,运筹与管理,,27
Journal of Systems Science and Information,期刊,,1478-9906,管理科学 D（2025总汇）,运筹与管理,,57
Optimization,期刊,,0233-1934,管理科学 D（2025总汇）,运筹与管理,,39
Journal of Operations Management,期刊,,0272-6963,管理科学 A（2025总汇）,运营管理,,1
Manufacturing & Service Operations Management,期刊,,1523-4614,管理科学 A（2025总汇）,运营管理,,20
Production and Operations Management,期刊,,1059-1478,管理科学 A（2025总汇）,运营管理,,15
International Journal of Operations & Production Management,期刊,,0144-3577,管理科学 B（2025总汇）,运营管理,,6
International Journal of Physical Distribution & Logistics Management,期刊,,0960-0035,管理科学 B（2025总汇）,运营管理,,8
International Journal of Production Economics,期刊,,0925-5273,管理科学 B（2025总汇）,运营管理,,2
International Journal of Production Research,期刊,,0020-7543,管理科学 B（2025总汇）,运营管理,,8
Journal of Business Logistics,期刊,,0735-3766,管理科学 B（2025总汇）,运营管理,,6
Journal of Purchasing and Supply Management,期刊,,1478-4092,管理科学 B（2025总汇）,运营管理,,4
Journal of Supply Chain Management,期刊,,1523-2409,管理科学 B（2025总汇）,运营管理,,3
Production Planning and Control,期刊,,0953-7287,管理科学 B（2025总汇）,运营管理,,14
Service Science,期刊,,2164-3962,管理科学 B（2025总汇）,运营管理,,27
Supply Chain Management,期刊,,1359-8546,管理科学 B（2025总汇）,运营管理,,5
International Journal of Logistics Management,期刊,,0957-4093,管理科学 C（2025总汇）,运营管理,,11
International Journal of Logistics Research and Applications,期刊,,1367-5567,管理科学 C（2025总汇）,运营管理,,16
Journal of Manufacturing Technology Management,期刊,,1741-038X,管理科学 D（2025总汇）,运营管理,,13
Modern Supply Chain Research and Applications,期刊,,2631-3871,管理科学 D（2025总汇）,运营管理,,28
TQM Journal,期刊,,1754-2731,管理科学 D（2025总汇）,运营管理,,18
Strategic Management Journal,期刊,,0143-2095,管理科学 A（2025总汇）,战略管理,,10
Global Strategy Journal,期刊,,2042-5791,管理科学 B（2025总汇）,战略管理,,17
Long Range Planning,期刊,,0024-6301,管理科学 B（2025总汇）,战略管理,,12
Strategic Organization,期刊,,1476-1270,管理科学 B（2025总汇）,战略管理,,22
Strategy Science,期刊,,2333-2050,管理科学 B（2025总汇）,战略管理,,23
Advances in Strategic Management,期刊,,0742-3322,管理科学 C（2025总汇）,战略管理,,28
Benchmarking,期刊,,1463-5771,管理科学 C（2025总汇）,战略管理,,18
Business Strategy Review,期刊,,0955-6419,管理科学 C（2025总汇）,战略管理,,28
Journal of Business Strategy,期刊,,0275-6668,管理科学 C（2025总汇）,战略管理,,28
M@n@gement,期刊,,1286-4692,管理科学 C（2025总汇）,战略管理,,26
Journal of Change Management,期刊,,1469-7017,管理科学 D（2025总汇）,战略管理,,25
Journal of Strategy and Management,期刊,,1755-425X,管理科学 D（2025总汇）,战略管理,,24
Strategic Change,期刊,,1099-1697,管理科学 D（2025总汇）,战略管理,,21
Strategy & Leadership,期刊,,1087-8572,管理科学 D（2025总汇）,战略管理,,28
Journal of Environmental Economics and Management,期刊,,0095-0696,管理科学 A（2025总汇）,资源环境管理,,10
Climate Policy,期刊,,1469-3062,管理科学 B（2025总汇）,资源环境管理,,14
Ecological Economics,期刊,,0921-8009,管理科学 B（2025总汇）,资源环境管理,,9
Energy Economics,期刊,,0140-9883,管理科学 B（2025总汇）,资源环境管理,,1
Energy Journal,期刊,,0195-6574,管理科学 B（2025总汇）,资源环境管理,,31
Energy Policy,期刊,,0301-4215,管理科学 B（2025总汇）,资源环境管理,,4
Environment and Development Economics,期刊,,1355-770X,管理科学 B（2025总汇）,资源环境管理,,37
Environment and Planning A: Economy and Space,期刊,,0308-518X,管理科学 B（2025总汇）,资源环境管理,,19
Environment and Planning B: Urban Analytics and City Science,期刊,,2399-8091,管理科学 B（2025总汇）,资源环境管理,,26
Environment and Planning D: Society and Space,期刊,,0263-7758,管理科学 B（2025总汇）,资源环境管理,,30
Environmental and Resource Economics,期刊,,0924-6460,管理科学 B（2025总汇）,资源环境管理,,22
Environmental Science & Policy,期刊,,1462-9011,管理科学 B（2025总汇）,资源环境管理,,14
Global Environmental Change,期刊,,0959-3780,管理科学 B（2025总汇）,资源环境管理,,5
Journal of Environmental Planning and Management,期刊,,0964-0568,管理科学 B（2025总汇）,资源环境管理,,20
Journal of Industrial Ecology,期刊,,1088-1980,管理科学 B（2025总汇）,资源环境管理,,13
Journal of the Association of Environmental and Resource Economists,期刊,,2333-5955,管理科学 B（2025总汇）,资源环境管理,,24
Land Economics,期刊,,0023-7639,管理科学 B（2025总汇）,资源环境管理,,36
Resource and Energy Economics,期刊,,0928-7655,管理科学 B（2025总汇）,资源环境管理,,26
Review of Environmental Economics and Policy,期刊,,1750-6816,管理科学 B（2025总汇）,资源环境管理,,8
Water Resources Research,期刊,,0043-1397,管理科学 B（2025总汇）,资源环境管理,,16
Annual Review of Resource Economics,期刊,,1941-1340,管理科学 C（2025总汇）,资源环境管理,,6
Australasian Journal of Environmental Management,期刊,,1448-6563,管理科学 C（2025总汇）,资源环境管理,,37
Carbon Management,期刊,,1758-3004,管理科学 C（2025总汇）,资源环境管理,,24
Climate Change Economics,期刊,,2010-0078,管理科学 C（2025总汇）,资源环境管理,,31
Economics of Energy and Environmental Policy,期刊,,2160-5882,管理科学 C（2025总汇）,资源环境管理,,39
"Energy, Ecology and Environment",期刊,,2363-7692,管理科学 C（2025总汇）,资源环境管理,,20
Environment and Planning C: Politics and Space,期刊,,2399-6552,管理科学 C（2025总汇）,资源环境管理,,33
Journal of Environmental Management,期刊,,0301-4797,管理科学 C（2025总汇）,资源环境管理,,6
Journal of Forest Economics,期刊,,1104-6899,管理科学 C（2025总汇）,资源环境管理,,40
Land Use Policy,期刊,,0264-8377,管理科学 C（2025总汇）,资源环境管理,,10
"Chinese Journal of Population, Resources and Environment",期刊,,2325-4262,管理科学 D（2025总汇）,资源环境管理,,18
Energy and Climate Change,期刊,,2666-2787,管理科学 D（2025总汇）,资源环境管理,,12
Environmental and Ecological Statistics,期刊,,1352-8505,管理科学 D（2025总汇）,资源环境管理,,35
Environmental Economics and Policy Studies,期刊,,1432-847X,管理科学 D（2025总汇）,资源环境管理,,34
Environmental Impact Assessment Review,期刊,,0195-9255,管理科学 D（2025总汇）,资源环境管理,,2
Environmental Modeling & Assessment,期刊,,1420-2026,管理科学 D（2025总汇）,资源环境管理,,29
"International Environmental Agreements : Politics , Law and Economics",期刊,,1567-9764,管理科学 D（2025总汇）,资源环境管理,,26
International Journal of Energy Sector Management,期刊,,1750-6220,管理科学 D（2025总汇）,资源环境管理,,23
Journal of Cleaner Production,期刊,,0959-6526,管理科学 D（2025总汇）,资源环境管理,,3
Sustainable Futures,期刊,,2666-1888,管理科学 D（2025总汇）,资源环境管理,,17
Journal of Organizational Behavior,期刊,,0894-3796,管理科学 A（2025总汇）,组织管理,,4
Organization Science,期刊,,1047-7039,管理科学 A（2025总汇）,组织管理,,5
Organization Studies,期刊,,0170-8406,管理科学 A（2025总汇）,组织管理,,7
Gender Work and Organization,期刊,,1468-0432,管理科学 B（2025总汇）,组织管理,,13
Group & Organization Management,期刊,,1059-6011,管理科学 B（2025总汇）,组织管理,,10
Human Relations,期刊,,0018-7267,管理科学 B（2025总汇）,组织管理,,5
Leadership Quarterly,期刊,,1048-9843,管理科学 B（2025总汇）,组织管理,,1
Management and Organization Review,期刊,,1740-8776,管理科学 B（2025总汇）,组织管理,,13
Management Learning,期刊,,1350-5076,管理科学 B（2025总汇）,组织管理,,13
Organization,期刊,,1350-5084,管理科学 B（2025总汇）,组织管理,,12
Organization & Environment,期刊,,1086-0266,管理科学 B（2025总汇）,组织管理,,3
Organizational Research Methods,期刊,,1094-4281,管理科学 B（2025总汇）,组织管理,,2
Research in Organizational Behavior,期刊,,0191-3085,管理科学 B（2025总汇）,组织管理,,8
European Journal of Work and Organizational Psychology,期刊,,1359-432X,管理科学 C（2025总汇）,组织管理,,9
Group Processes & Intergroup Relations,期刊,,1368-4302,管理科学 C（2025总汇）,组织管理,,21
Human Factors,期刊,,0018-7208,管理科学 C（2025总汇）,组织管理,,10
Journal of Applied Behavioral Science,期刊,,0021-8863,管理科学 C（2025总汇）,组织管理,,19
Journal of Organizational Behavior Management,期刊,,0160-8061,管理科学 C（2025总汇）,组织管理,,25
Journal of Organizational Change Management,期刊,,0953-4814,管理科学 C（2025总汇）,组织管理,,16
Journal of Professions and Organization,期刊,,2051-8803,管理科学 C（2025总汇）,组织管理,,22
Management Communication Quarterly,期刊,,0893-3189,管理科学 C（2025总汇）,组织管理,,19
Negotiation Journal,期刊,,0748-4526,管理科学 C（2025总汇）,组织管理,,26
Organizational Dynamics,期刊,,0090-2616,管理科学 C（2025总汇）,组织管理,,18
Culture and Organization,期刊,,1475-9551,管理科学 D（2025总汇）,组织管理,,24
Leadership,期刊,,1742-7150,管理科学 D（2025总汇）,组织管理,,22
Learning Organization,期刊,,0969-6474,管理科学 D（2025总汇）,组织管理,,16
